file_path	size_MB	keep_in_github	reason	canonical_location	duplicate_of	replacement_or_external_location	notes
.gitignore	0.000	yes	public documentation/reproducibility metadata retained	.gitignore			
CITATION.cff	0.001	yes	public documentation/reproducibility metadata retained	CITATION.cff			
CODE_AND_DATA_AVAILABILITY.md	0.002	yes	public documentation/reproducibility metadata retained	CODE_AND_DATA_AVAILABILITY.md			
LICENSE	0.001	yes	public documentation/reproducibility metadata retained	LICENSE			
Makefile	0.000	yes	workflow code/configuration required for rerun	Makefile			
R/final_helpers.R	0.008	yes	workflow code/configuration required for rerun	R/final_helpers.R			
README.md	0.004	yes	public documentation/reproducibility metadata retained	README.md			
config/analysis.yml	0.004	yes	workflow code/configuration required for rerun	config/analysis.yml			
data/README.md	0.002	yes	public documentation/reproducibility metadata retained	data/README.md			
data/metadata/circrna_samples.tsv	0.001	yes	sample metadata required by workflow scripts	data/metadata/circrna_samples.tsv			
data/metadata/mirna_samples.tsv	0.002	yes	sample metadata required by workflow scripts	data/metadata/mirna_samples.tsv			
data/metadata/mrna_sample_metadata.tsv	0.001	yes	sample metadata required by workflow scripts	data/metadata/mrna_sample_metadata.tsv			
data/metadata/mrna_samples.tsv	0.001	yes	sample metadata required by workflow scripts	data/metadata/mrna_samples.tsv			
data/processed/circrna/CircRNA_normalized_Data_KZ.xlsx	3.614	yes	required compact processed workbook input used by run_all.R; retained because script reads workbook structure directly	data/processed/circrna/CircRNA_normalized_Data_KZ.xlsx			
data/processed/circrna/Differentially_Expressed_CircRNAs_Arraystar_provider.xlsx	0.043	yes	required compact processed workbook input used by run_all.R; retained because script reads workbook structure directly	data/processed/circrna/Differentially_Expressed_CircRNAs_Arraystar_provider.xlsx			
data/processed/circrna/circRNA_original_IL13_vs_Vehicle_DEG.tsv	0.956	yes	compact processed input required for rerun	data/processed/circrna/circRNA_original_IL13_vs_Vehicle_DEG.tsv			
data/processed/circrna/circRNA_original_IL4_vs_Vehicle_DEG.tsv	0.957	yes	compact processed input required for rerun	data/processed/circrna/circRNA_original_IL4_vs_Vehicle_DEG.tsv			
data/processed/final/circrna/circRNA_Arraystar_provider_summary_counts.tsv	0.000	yes	retained public workflow file/source data/documentation	data/processed/final/circrna/circRNA_Arraystar_provider_summary_counts.tsv			
data/processed/final/circrna/circRNA_Arraystar_provider_vs_limma_concordance.tsv	0.016	yes	retained public workflow file/source data/documentation	data/processed/final/circrna/circRNA_Arraystar_provider_vs_limma_concordance.tsv			
data/processed/final/circrna/circRNA_IL13_vs_Vehicle_complete.tsv	6.404	yes	canonical complete final differential-expression table retained once under data/processed/final	data/processed/final/circrna/circRNA_IL13_vs_Vehicle_complete.tsv			FLAG_GT5MB
data/processed/final/circrna/circRNA_IL4_vs_Vehicle_complete.tsv	6.378	yes	canonical complete final differential-expression table retained once under data/processed/final	data/processed/final/circrna/circRNA_IL4_vs_Vehicle_complete.tsv			FLAG_GT5MB
data/processed/final/circrna/circRNA_key_feature_validation.tsv	0.024	yes	retained public workflow file/source data/documentation	data/processed/final/circrna/circRNA_key_feature_validation.tsv			
data/processed/final/circrna/circRNA_original_workflow_summary_counts.tsv	0.000	yes	retained public workflow file/source data/documentation	data/processed/final/circrna/circRNA_original_workflow_summary_counts.tsv			
data/processed/final/circrna/circRNA_shared_direction_FDR_significant.tsv	0.000	yes	retained public workflow file/source data/documentation	data/processed/final/circrna/circRNA_shared_direction_FDR_significant.tsv			
data/processed/final/circrna/circRNA_shared_direction_nominal_discovery.tsv	0.004	yes	retained public workflow file/source data/documentation	data/processed/final/circrna/circRNA_shared_direction_nominal_discovery.tsv			
data/processed/final/circrna/circRNA_summary_counts.tsv	0.000	yes	retained public workflow file/source data/documentation	data/processed/final/circrna/circRNA_original_workflow_summary_counts.tsv	data/processed/final/circrna/circRNA_original_workflow_summary_counts.tsv		duplicate hash retained only where public input/output/source-data copy is intentional
data/processed/final/enrichment_inputs/circrna/circRNA_IL13_vs_Vehicle_up_nominal_host_genes_background_symbols.txt	0.040	yes	retained public workflow file/source data/documentation	data/processed/final/enrichment_inputs/circrna/circRNA_IL13_vs_Vehicle_up_nominal_host_genes_background_symbols.txt			
data/processed/final/enrichment_inputs/circrna/circRNA_IL13_vs_Vehicle_up_nominal_host_genes_input_symbols.txt	0.000	yes	retained public workflow file/source data/documentation	data/processed/final/enrichment_inputs/circrna/circRNA_IL13_vs_Vehicle_up_nominal_host_genes_input_symbols.txt			
data/processed/final/enrichment_inputs/circrna/circRNA_IL4_vs_Vehicle_up_nominal_host_genes_background_symbols.txt	0.040	yes	retained public workflow file/source data/documentation	data/processed/final/enrichment_inputs/circrna/circRNA_IL4_vs_Vehicle_up_nominal_host_genes_background_symbols.txt			
data/processed/final/enrichment_inputs/circrna/circRNA_IL4_vs_Vehicle_up_nominal_host_genes_input_symbols.txt	0.001	yes	retained public workflow file/source data/documentation	data/processed/final/enrichment_inputs/circrna/circRNA_IL4_vs_Vehicle_up_nominal_host_genes_input_symbols.txt			
data/processed/final/enrichment_inputs/mrna/mRNA_IL13_vs_Vehicle_up_nominal_background_ensembl.txt	0.214	yes	retained public workflow file/source data/documentation	data/processed/final/enrichment_inputs/mrna/mRNA_IL13_vs_Vehicle_up_nominal_background_ensembl.txt			
data/processed/final/enrichment_inputs/mrna/mRNA_IL13_vs_Vehicle_up_nominal_input_ensembl.txt	0.005	yes	retained public workflow file/source data/documentation	data/processed/final/enrichment_inputs/mrna/mRNA_IL13_vs_Vehicle_up_nominal_input_ensembl.txt			
data/processed/final/enrichment_inputs/mrna/mRNA_IL4_vs_Vehicle_up_nominal_background_ensembl.txt	0.214	yes	retained public workflow file/source data/documentation	data/processed/final/enrichment_inputs/mrna/mRNA_IL4_vs_Vehicle_up_nominal_background_ensembl.txt			
data/processed/final/enrichment_inputs/mrna/mRNA_IL4_vs_Vehicle_up_nominal_input_ensembl.txt	0.006	yes	retained public workflow file/source data/documentation	data/processed/final/enrichment_inputs/mrna/mRNA_IL4_vs_Vehicle_up_nominal_input_ensembl.txt			
data/processed/final/integrated_ceRNA_network_curated.tsv	0.123	yes	canonical parsed integrated ceRNA network source from authoritative workbook	data/processed/final/integrated_ceRNA_network_curated.tsv			
data/processed/final/miranda/miranda_collapsed_mirna_target_pairs.tsv	0.034	yes	retained public workflow file/source data/documentation	data/processed/final/miranda/miranda_collapsed_mirna_target_pairs.tsv			
data/processed/final/miranda/miranda_site_level_predictions.tsv	0.045	yes	retained public workflow file/source data/documentation	data/processed/final/miranda/miranda_site_level_predictions.tsv			
data/processed/final/mirna/candidate_miRNA_final_values.tsv	0.004	yes	retained public workflow file/source data/documentation	data/processed/final/mirna/candidate_miRNA_final_values.tsv			
data/processed/final/mirna/miRNA_IL13_vs_Vehicle_complete.tsv	0.357	yes	canonical complete final differential-expression table retained once under data/processed/final	data/processed/final/mirna/miRNA_IL13_vs_Vehicle_complete.tsv			
data/processed/final/mirna/miRNA_IL4_vs_Vehicle_complete.tsv	0.346	yes	canonical complete final differential-expression table retained once under data/processed/final	data/processed/final/mirna/miRNA_IL4_vs_Vehicle_complete.tsv			
data/processed/final/mirna/miRNA_exact_overlap_table.tsv	0.157	yes	retained public workflow file/source data/documentation	data/processed/final/mirna/miRNA_exact_overlap_table.tsv			
data/processed/final/mirna/miRNA_shared_direction_FDR_significant.tsv	0.000	yes	retained public workflow file/source data/documentation	data/processed/final/mirna/miRNA_shared_direction_FDR_significant.tsv			
data/processed/final/mirna/miRNA_shared_direction_nominal_discovery.tsv	0.001	yes	retained public workflow file/source data/documentation	data/processed/final/mirna/miRNA_shared_direction_nominal_discovery.tsv			
data/processed/final/mirna/miRNA_summary_counts.tsv	0.000	yes	retained public workflow file/source data/documentation	data/processed/final/mirna/miRNA_summary_counts.tsv			
data/processed/final/mirna/miR_140_3p_final_values.tsv	0.002	yes	retained public workflow file/source data/documentation	data/processed/final/mirna/miR_140_3p_final_values.tsv			
data/processed/final/mrna/mRNA_IL13_vs_Vehicle_complete.tsv	6.192	yes	canonical complete final differential-expression table retained once under data/processed/final	data/processed/final/mrna/mRNA_IL13_vs_Vehicle_complete.tsv			FLAG_GT5MB
data/processed/final/mrna/mRNA_IL4_vs_Vehicle_complete.tsv	6.175	yes	canonical complete final differential-expression table retained once under data/processed/final	data/processed/final/mrna/mRNA_IL4_vs_Vehicle_complete.tsv			FLAG_GT5MB
data/processed/final/mrna/mRNA_key_gene_validation.tsv	0.003	yes	retained public workflow file/source data/documentation	data/processed/final/mrna/mRNA_key_gene_validation.tsv			
data/processed/final/mrna/mRNA_shared_direction_FDR_significant.tsv	0.055	yes	retained public workflow file/source data/documentation	data/processed/final/mrna/mRNA_shared_direction_FDR_significant.tsv			
data/processed/final/mrna/mRNA_shared_direction_nominal_discovery.tsv	0.078	yes	retained public workflow file/source data/documentation	data/processed/final/mrna/mRNA_shared_direction_nominal_discovery.tsv			
data/processed/final/mrna/mRNA_summary_counts.tsv	0.000	yes	retained public workflow file/source data/documentation	data/processed/final/mrna/mRNA_summary_counts.tsv			
data/processed/final/networks/FDR_restricted_provenance_edges.tsv	0.000	yes	compact network table required for reproducible network outputs	data/processed/final/networks/FDR_restricted_provenance_edges.tsv			
data/processed/final/networks/FDR_restricted_provenance_nodes.tsv	0.000	yes	compact network table required for reproducible network outputs	data/processed/final/networks/FDR_restricted_provenance_nodes.tsv			
data/processed/final/networks/biologically_prioritized_candidate_edges.tsv	0.004	yes	compact network table required for reproducible network outputs	data/processed/final/networks/biologically_prioritized_candidate_edges.tsv			
data/processed/final/networks/biologically_prioritized_candidate_nodes.tsv	0.001	yes	compact network table required for reproducible network outputs	data/processed/final/networks/biologically_prioritized_candidate_nodes.tsv			
data/processed/final/networks/curated_integrated_candidate_axis_edges.tsv	0.002	yes	compact network table required for reproducible network outputs	data/processed/final/networks/curated_integrated_candidate_axis_edges.tsv			
data/processed/final/networks/experimentally_evaluated_candidate_edges.tsv	0.004	yes	compact network table required for reproducible network outputs	data/processed/final/networks/biologically_prioritized_candidate_edges.tsv	data/processed/final/networks/biologically_prioritized_candidate_edges.tsv		duplicate hash retained only where public input/output/source-data copy is intentional
data/processed/final/networks/experimentally_evaluated_candidate_nodes.tsv	0.001	yes	compact network table required for reproducible network outputs	data/processed/final/networks/biologically_prioritized_candidate_nodes.tsv	data/processed/final/networks/biologically_prioritized_candidate_nodes.tsv		duplicate hash retained only where public input/output/source-data copy is intentional
data/processed/final/networks/network_table_name_crosswalk.tsv	0.001	yes	compact network table required for reproducible network outputs	data/processed/final/networks/network_table_name_crosswalk.tsv			
data/processed/final/networks/restricted_historical_candidate_IL13_edges.tsv	0.007	yes	compact network table required for reproducible network outputs	data/processed/final/networks/restricted_historical_candidate_IL13_edges.tsv			
data/processed/final/networks/restricted_historical_candidate_IL13_nodes.tsv	0.001	yes	compact network table required for reproducible network outputs	data/processed/final/networks/restricted_historical_candidate_IL13_nodes.tsv			
data/processed/final/networks/restricted_historical_candidate_IL4_edges.tsv	0.020	yes	compact network table required for reproducible network outputs	data/processed/final/networks/restricted_historical_candidate_IL4_edges.tsv			
data/processed/final/networks/restricted_historical_candidate_IL4_nodes.tsv	0.002	yes	compact network table required for reproducible network outputs	data/processed/final/networks/restricted_historical_candidate_IL4_nodes.tsv			
data/processed/final/networks/restricted_historical_candidate_strict_shared_edges.tsv	0.009	yes	compact network table required for reproducible network outputs	data/processed/final/networks/restricted_historical_candidate_strict_shared_edges.tsv			
data/processed/final/networks/restricted_historical_candidate_strict_shared_nodes.tsv	0.002	yes	compact network table required for reproducible network outputs	data/processed/final/networks/restricted_historical_candidate_strict_shared_nodes.tsv			
data/processed/final/networks/restricted_historical_directionally_concordant_candidate_edges.tsv	0.026	yes	compact network table required for reproducible network outputs	data/processed/final/networks/restricted_historical_directionally_concordant_candidate_edges.tsv			
data/processed/final/networks/restricted_historical_directionally_concordant_candidate_nodes.tsv	0.003	yes	compact network table required for reproducible network outputs	data/processed/final/networks/restricted_historical_directionally_concordant_candidate_nodes.tsv			
data/processed/final/networks/restricted_historical_fibrosis_candidate_edges.tsv	0.019	yes	compact network table required for reproducible network outputs	data/processed/final/networks/restricted_historical_fibrosis_candidate_edges.tsv			
data/processed/final/networks/restricted_historical_fibrosis_candidate_nodes.tsv	0.002	yes	compact network table required for reproducible network outputs	data/processed/final/networks/restricted_historical_fibrosis_candidate_nodes.tsv			
data/processed/miranda_inputs/IL13_vs_V_miRNA_down_seq.fa	0.001	yes	canonical miRanda input sequence file required for parser/provenance workflow	data/processed/miranda_inputs/IL13_vs_V_miRNA_down_seq.fa			
data/processed/miranda_inputs/IL13_vs_V_miRNA_up_seq.fa	0.002	yes	canonical miRanda input sequence file required for parser/provenance workflow	data/processed/miranda_inputs/IL13_vs_V_miRNA_up_seq.fa			
data/processed/miranda_inputs/IL4_vs_V_miRNA_down_seq.fa	0.001	yes	canonical miRanda input sequence file required for parser/provenance workflow	data/processed/miranda_inputs/IL4_vs_V_miRNA_down_seq.fa			
data/processed/miranda_inputs/IL4_vs_V_miRNA_up_seq.fa	0.001	yes	canonical miRanda input sequence file required for parser/provenance workflow	data/processed/miranda_inputs/IL4_vs_V_miRNA_up_seq.fa			
data/processed/miranda_inputs/all_3putr_circ.fa.txt	0.024	yes	canonical miRanda input sequence file required for parser/provenance workflow	data/processed/miranda_inputs/all_3putr_circ.fa.txt			
data/processed/miranda_inputs/mature_hsa.fa	0.191	yes	single canonical mature human miRNA FASTA; sequence lines validated as RNA U not DNA T	data/processed/miranda_inputs/mature_hsa.fa			
data/processed/miranda_outputs/IL13_vs_V_miRNA_down_against_3utr_circ.txt	0.084	yes	precomputed miRanda output required because compatible miRanda binary/resources are not bundled	data/processed/miranda_outputs/IL13_vs_V_miRNA_down_against_3utr_circ.txt			
data/processed/miranda_outputs/IL13_vs_V_miRNA_down_against_3utr_circ_filtered_targets.txt	0.006	yes	precomputed miRanda output required because compatible miRanda binary/resources are not bundled	data/processed/miranda_outputs/IL13_vs_V_miRNA_down_against_3utr_circ_filtered_targets.txt			
data/processed/miranda_outputs/IL13_vs_V_miRNA_up_against_3utr_circ.txt	0.225	yes	precomputed miRanda output required because compatible miRanda binary/resources are not bundled	data/processed/miranda_outputs/IL13_vs_V_miRNA_up_against_3utr_circ.txt			
data/processed/miranda_outputs/IL13_vs_V_miRNA_up_against_3utr_circ_filtered_targets.txt	0.022	yes	precomputed miRanda output required because compatible miRanda binary/resources are not bundled	data/processed/miranda_outputs/IL13_vs_V_miRNA_up_against_3utr_circ_filtered_targets.txt			
data/processed/miranda_outputs/IL4_vs_V_miRNA_down_against_3utr_circ.txt	0.101	yes	precomputed miRanda output required because compatible miRanda binary/resources are not bundled	data/processed/miranda_outputs/IL4_vs_V_miRNA_down_against_3utr_circ.txt			
data/processed/miranda_outputs/IL4_vs_V_miRNA_down_against_3utr_circ_filtered_targets.txt	0.008	yes	precomputed miRanda output required because compatible miRanda binary/resources are not bundled	data/processed/miranda_outputs/IL4_vs_V_miRNA_down_against_3utr_circ_filtered_targets.txt			
data/processed/miranda_outputs/IL4_vs_V_miRNA_up_against_3utr_circ.txt	0.132	yes	precomputed miRanda output required because compatible miRanda binary/resources are not bundled	data/processed/miranda_outputs/IL4_vs_V_miRNA_up_against_3utr_circ.txt			
data/processed/miranda_outputs/IL4_vs_V_miRNA_up_against_3utr_circ_filtered_targets.txt	0.012	yes	precomputed miRanda output required because compatible miRanda binary/resources are not bundled	data/processed/miranda_outputs/IL4_vs_V_miRNA_up_against_3utr_circ_filtered_targets.txt			
data/processed/mirna/Expression_Browser_CPM.csv	0.742	yes	compact processed input required for rerun	data/processed/mirna/Expression_Browser_CPM.csv			
data/processed/mrna/all_counts.xlsx	2.512	yes	required compact processed workbook input used by run_all.R; retained because script reads workbook structure directly	data/processed/mrna/all_counts.xlsx			
docs/_quarto.yml	0.000	yes	public documentation/reproducibility metadata retained	docs/_quarto.yml			
docs/circrna_analysis.qmd	0.001	yes	public documentation/reproducibility metadata retained	docs/circrna_analysis.qmd			
docs/enrichment.qmd	0.001	yes	public documentation/reproducibility metadata retained	docs/enrichment.qmd			
docs/index.qmd	0.001	yes	public documentation/reproducibility metadata retained	docs/index.qmd			
docs/limitations.qmd	0.001	yes	public documentation/reproducibility metadata retained	docs/limitations.qmd			
docs/mirna_analysis.qmd	0.001	yes	public documentation/reproducibility metadata retained	docs/mirna_analysis.qmd			
docs/mrna_analysis.qmd	0.001	yes	public documentation/reproducibility metadata retained	docs/mrna_analysis.qmd			
docs/network_analysis.qmd	0.001	yes	public documentation/reproducibility metadata retained	docs/network_analysis.qmd			
docs/reproducibility.qmd	0.001	yes	public documentation/reproducibility metadata retained	docs/reproducibility.qmd			
docs/study_design.qmd	0.001	yes	public documentation/reproducibility metadata retained	docs/study_design.qmd			
documentation/final/candidate_axis_summary.tsv	0.002	yes	public documentation/reproducibility metadata retained	documentation/final/candidate_axis_summary.tsv			
documentation/final/core_results_summary.md	0.005	yes	public documentation/reproducibility metadata retained	documentation/final/core_results_summary.md			
documentation/final/figure_1_3_reproducibility_audit.tsv	0.007	yes	public documentation/reproducibility metadata retained	documentation/final/figure_1_3_reproducibility_audit.tsv			
documentation/final/figure_caption_drafts.md	0.003	yes	public documentation/reproducibility metadata retained	documentation/final/figure_caption_drafts.md			
documentation/final/figure_count_reconciliation.tsv	0.004	yes	public documentation/reproducibility metadata retained	documentation/final/figure_count_reconciliation.tsv			
documentation/final/figure_legend_additions.md	0.003	yes	public documentation/reproducibility metadata retained	documentation/final/figure_legend_additions.md			
documentation/final/final_cleanup_validation.md	0.004	yes	public documentation/reproducibility metadata retained	documentation/final/final_cleanup_validation.md			
documentation/final/final_pre_manuscript_validation.md	0.002	yes	public documentation/reproducibility metadata retained	documentation/final/final_pre_manuscript_validation.md			
documentation/final/github_file_size_audit.tsv	0.040	yes	public documentation/reproducibility metadata retained	documentation/final/github_file_size_audit.tsv			
documentation/final/integrated_network_coordinate_audit.tsv	0.002	yes	public documentation/reproducibility metadata retained	documentation/final/integrated_network_coordinate_audit.tsv			
documentation/final/manuscript_methods_revision.md	0.007	yes	public documentation/reproducibility metadata retained	documentation/final/manuscript_methods_revision.md			
documentation/final/manuscript_workflow_decision.md	0.002	yes	public documentation/reproducibility metadata retained	documentation/final/manuscript_workflow_decision.md			
documentation/final/miR_140_3p_CEMIP_prediction_status.tsv	0.001	yes	public documentation/reproducibility metadata retained	documentation/final/miR_140_3p_CEMIP_prediction_status.tsv			
documentation/final/network_analysis_specification.md	0.003	yes	public documentation/reproducibility metadata retained	documentation/final/network_analysis_specification.md			
documentation/final/quentin_circrna_enrichment_handoff.md	0.004	yes	public documentation/reproducibility metadata retained	documentation/final/quentin_circrna_enrichment_handoff.md			
documentation/final/quentin_todo.md	0.003	yes	public documentation/reproducibility metadata retained	documentation/final/quentin_todo.md			
documentation/final/recomputed_vs_accepted_v2_summary.tsv	0.001	yes	compact public validation summary replacing oversized internal full comparison table	documentation/final/recomputed_vs_accepted_v2_summary.tsv		full internal table retained outside release at documentation/final/recomputed_vs_accepted_v2.tsv	
documentation/final/repository_size_report.tsv	0.000	yes	public documentation/reproducibility metadata retained	documentation/final/repository_size_report.tsv			
documentation/final/results_insertions.md	0.003	yes	public documentation/reproducibility metadata retained	documentation/final/results_insertions.md			
documentation/final/reviewer_1_comment_1_response.md	0.003	yes	public documentation/reproducibility metadata retained	documentation/final/reviewer_1_comment_1_response.md			
documentation/final/reviewer_2_computational_notes.md	0.003	yes	public documentation/reproducibility metadata retained	documentation/final/reviewer_2_computational_notes.md			
documentation/final/reviewer_comment_status.tsv	0.005	yes	public documentation/reproducibility metadata retained	documentation/final/reviewer_comment_status.tsv			
documentation/final/reviewer_response_bioinformatics.md	0.002	yes	public documentation/reproducibility metadata retained	documentation/final/reviewer_response_bioinformatics.md			
documentation/final/supplementary_experimental_design.tsv	0.004	yes	public documentation/reproducibility metadata retained	documentation/final/supplementary_experimental_design.tsv			
renv.lock	0.396	yes	public documentation/reproducibility metadata retained	renv.lock			
results/figures/.gitkeep	0.000	yes	retained public workflow file/source data/documentation	results/figures/.gitkeep			
results/final/enrichment/circrna/circRNA_IL13_vs_Vehicle_up_nominal_host_genes/circRNA_IL13_vs_Vehicle_up_nominal_host_genes_background_list.txt	0.040	yes	compact enrichment result/provenance table retained for manuscript review	data/processed/final/enrichment_inputs/circrna/circRNA_IL13_vs_Vehicle_up_nominal_host_genes_background_symbols.txt	data/processed/final/enrichment_inputs/circrna/circRNA_IL13_vs_Vehicle_up_nominal_host_genes_background_symbols.txt		duplicate hash retained only where public input/output/source-data copy is intentional
results/final/enrichment/circrna/circRNA_IL13_vs_Vehicle_up_nominal_host_genes/circRNA_IL13_vs_Vehicle_up_nominal_host_genes_complete_results.tsv	0.251	yes	compact enrichment result/provenance table retained for manuscript review	results/final/enrichment/circrna/circRNA_IL13_vs_Vehicle_up_nominal_host_genes/circRNA_IL13_vs_Vehicle_up_nominal_host_genes_complete_results.tsv			
results/final/enrichment/circrna/circRNA_IL13_vs_Vehicle_up_nominal_host_genes/circRNA_IL13_vs_Vehicle_up_nominal_host_genes_figure_source_data.tsv	0.007	yes	compact enrichment result/provenance table retained for manuscript review	results/final/enrichment/circrna/circRNA_IL13_vs_Vehicle_up_nominal_host_genes/circRNA_IL13_vs_Vehicle_up_nominal_host_genes_figure_source_data.tsv			
results/final/enrichment/circrna/circRNA_IL13_vs_Vehicle_up_nominal_host_genes/circRNA_IL13_vs_Vehicle_up_nominal_host_genes_input_list.txt	0.000	yes	compact enrichment result/provenance table retained for manuscript review	data/processed/final/enrichment_inputs/circrna/circRNA_IL13_vs_Vehicle_up_nominal_host_genes_input_symbols.txt	data/processed/final/enrichment_inputs/circrna/circRNA_IL13_vs_Vehicle_up_nominal_host_genes_input_symbols.txt		duplicate hash retained only where public input/output/source-data copy is intentional
results/final/enrichment/circrna/circRNA_IL13_vs_Vehicle_up_nominal_host_genes/circRNA_IL13_vs_Vehicle_up_nominal_host_genes_parameters.tsv	0.000	yes	compact enrichment result/provenance table retained for manuscript review	results/final/enrichment/circrna/circRNA_IL13_vs_Vehicle_up_nominal_host_genes/circRNA_IL13_vs_Vehicle_up_nominal_host_genes_parameters.tsv			
results/final/enrichment/circrna/circRNA_IL13_vs_Vehicle_up_nominal_host_genes/circRNA_IL13_vs_Vehicle_up_nominal_host_genes_plotted_terms.tsv	0.007	yes	compact enrichment result/provenance table retained for manuscript review	results/final/enrichment/circrna/circRNA_IL13_vs_Vehicle_up_nominal_host_genes/circRNA_IL13_vs_Vehicle_up_nominal_host_genes_figure_source_data.tsv	results/final/enrichment/circrna/circRNA_IL13_vs_Vehicle_up_nominal_host_genes/circRNA_IL13_vs_Vehicle_up_nominal_host_genes_figure_source_data.tsv		duplicate hash retained only where public input/output/source-data copy is intentional
results/final/enrichment/circrna/circRNA_IL13_vs_Vehicle_up_nominal_host_genes/circRNA_IL13_vs_Vehicle_up_nominal_host_genes_significant_results.tsv	0.000	yes	compact enrichment result/provenance table retained for manuscript review	results/final/enrichment/circrna/circRNA_IL13_vs_Vehicle_up_nominal_host_genes/circRNA_IL13_vs_Vehicle_up_nominal_host_genes_significant_results.tsv			
results/final/enrichment/circrna/circRNA_IL4_vs_Vehicle_up_nominal_host_genes/circRNA_IL4_vs_Vehicle_up_nominal_host_genes_background_list.txt	0.040	yes	compact enrichment result/provenance table retained for manuscript review	data/processed/final/enrichment_inputs/circrna/circRNA_IL4_vs_Vehicle_up_nominal_host_genes_background_symbols.txt	data/processed/final/enrichment_inputs/circrna/circRNA_IL4_vs_Vehicle_up_nominal_host_genes_background_symbols.txt		duplicate hash retained only where public input/output/source-data copy is intentional
results/final/enrichment/circrna/circRNA_IL4_vs_Vehicle_up_nominal_host_genes/circRNA_IL4_vs_Vehicle_up_nominal_host_genes_complete_results.tsv	0.720	yes	compact enrichment result/provenance table retained for manuscript review	results/final/enrichment/circrna/circRNA_IL4_vs_Vehicle_up_nominal_host_genes/circRNA_IL4_vs_Vehicle_up_nominal_host_genes_complete_results.tsv			
results/final/enrichment/circrna/circRNA_IL4_vs_Vehicle_up_nominal_host_genes/circRNA_IL4_vs_Vehicle_up_nominal_host_genes_figure_source_data.tsv	0.006	yes	compact enrichment result/provenance table retained for manuscript review	results/final/enrichment/circrna/circRNA_IL4_vs_Vehicle_up_nominal_host_genes/circRNA_IL4_vs_Vehicle_up_nominal_host_genes_figure_source_data.tsv			
results/final/enrichment/circrna/circRNA_IL4_vs_Vehicle_up_nominal_host_genes/circRNA_IL4_vs_Vehicle_up_nominal_host_genes_input_list.txt	0.001	yes	compact enrichment result/provenance table retained for manuscript review	data/processed/final/enrichment_inputs/circrna/circRNA_IL4_vs_Vehicle_up_nominal_host_genes_input_symbols.txt	data/processed/final/enrichment_inputs/circrna/circRNA_IL4_vs_Vehicle_up_nominal_host_genes_input_symbols.txt		duplicate hash retained only where public input/output/source-data copy is intentional
results/final/enrichment/circrna/circRNA_IL4_vs_Vehicle_up_nominal_host_genes/circRNA_IL4_vs_Vehicle_up_nominal_host_genes_parameters.tsv	0.000	yes	compact enrichment result/provenance table retained for manuscript review	results/final/enrichment/circrna/circRNA_IL4_vs_Vehicle_up_nominal_host_genes/circRNA_IL4_vs_Vehicle_up_nominal_host_genes_parameters.tsv			
results/final/enrichment/circrna/circRNA_IL4_vs_Vehicle_up_nominal_host_genes/circRNA_IL4_vs_Vehicle_up_nominal_host_genes_plotted_terms.tsv	0.006	yes	compact enrichment result/provenance table retained for manuscript review	results/final/enrichment/circrna/circRNA_IL4_vs_Vehicle_up_nominal_host_genes/circRNA_IL4_vs_Vehicle_up_nominal_host_genes_figure_source_data.tsv	results/final/enrichment/circrna/circRNA_IL4_vs_Vehicle_up_nominal_host_genes/circRNA_IL4_vs_Vehicle_up_nominal_host_genes_figure_source_data.tsv		duplicate hash retained only where public input/output/source-data copy is intentional
results/final/enrichment/circrna/circRNA_IL4_vs_Vehicle_up_nominal_host_genes/circRNA_IL4_vs_Vehicle_up_nominal_host_genes_significant_results.tsv	0.000	yes	compact enrichment result/provenance table retained for manuscript review	results/final/enrichment/circrna/circRNA_IL13_vs_Vehicle_up_nominal_host_genes/circRNA_IL13_vs_Vehicle_up_nominal_host_genes_significant_results.tsv	results/final/enrichment/circrna/circRNA_IL13_vs_Vehicle_up_nominal_host_genes/circRNA_IL13_vs_Vehicle_up_nominal_host_genes_significant_results.tsv		duplicate hash retained only where public input/output/source-data copy is intentional
results/final/enrichment/circrna/circRNA_enrichment_summary.tsv	0.000	yes	compact enrichment result/provenance table retained for manuscript review	results/final/enrichment/circrna/circRNA_enrichment_summary.tsv			
results/final/enrichment/mrna/mRNA_IL13_vs_Vehicle_up_nominal/mRNA_IL13_vs_Vehicle_up_nominal_background_list.txt	0.214	yes	compact enrichment result/provenance table retained for manuscript review	data/processed/final/enrichment_inputs/mrna/mRNA_IL13_vs_Vehicle_up_nominal_background_ensembl.txt	data/processed/final/enrichment_inputs/mrna/mRNA_IL13_vs_Vehicle_up_nominal_background_ensembl.txt		duplicate hash retained only where public input/output/source-data copy is intentional
results/final/enrichment/mrna/mRNA_IL13_vs_Vehicle_up_nominal/mRNA_IL13_vs_Vehicle_up_nominal_complete_results.tsv	0.862	yes	compact enrichment result/provenance table retained for manuscript review	results/final/enrichment/mrna/mRNA_IL13_vs_Vehicle_up_nominal/mRNA_IL13_vs_Vehicle_up_nominal_complete_results.tsv			
results/final/enrichment/mrna/mRNA_IL13_vs_Vehicle_up_nominal/mRNA_IL13_vs_Vehicle_up_nominal_figure_source_data.tsv	0.003	yes	compact enrichment result/provenance table retained for manuscript review	results/final/enrichment/mrna/mRNA_IL13_vs_Vehicle_up_nominal/mRNA_IL13_vs_Vehicle_up_nominal_figure_source_data.tsv			
results/final/enrichment/mrna/mRNA_IL13_vs_Vehicle_up_nominal/mRNA_IL13_vs_Vehicle_up_nominal_input_list.txt	0.005	yes	compact enrichment result/provenance table retained for manuscript review	data/processed/final/enrichment_inputs/mrna/mRNA_IL13_vs_Vehicle_up_nominal_input_ensembl.txt	data/processed/final/enrichment_inputs/mrna/mRNA_IL13_vs_Vehicle_up_nominal_input_ensembl.txt		duplicate hash retained only where public input/output/source-data copy is intentional
results/final/enrichment/mrna/mRNA_IL13_vs_Vehicle_up_nominal/mRNA_IL13_vs_Vehicle_up_nominal_parameters.tsv	0.000	yes	compact enrichment result/provenance table retained for manuscript review	results/final/enrichment/mrna/mRNA_IL13_vs_Vehicle_up_nominal/mRNA_IL13_vs_Vehicle_up_nominal_parameters.tsv			
results/final/enrichment/mrna/mRNA_IL13_vs_Vehicle_up_nominal/mRNA_IL13_vs_Vehicle_up_nominal_plotted_terms.tsv	0.003	yes	compact enrichment result/provenance table retained for manuscript review	results/final/enrichment/mrna/mRNA_IL13_vs_Vehicle_up_nominal/mRNA_IL13_vs_Vehicle_up_nominal_figure_source_data.tsv	results/final/enrichment/mrna/mRNA_IL13_vs_Vehicle_up_nominal/mRNA_IL13_vs_Vehicle_up_nominal_figure_source_data.tsv		duplicate hash retained only where public input/output/source-data copy is intentional
results/final/enrichment/mrna/mRNA_IL13_vs_Vehicle_up_nominal/mRNA_IL13_vs_Vehicle_up_nominal_significant_results.tsv	0.006	yes	compact enrichment result/provenance table retained for manuscript review	results/final/enrichment/mrna/mRNA_IL13_vs_Vehicle_up_nominal/mRNA_IL13_vs_Vehicle_up_nominal_significant_results.tsv			
results/final/enrichment/mrna/mRNA_IL4_vs_Vehicle_up_nominal/mRNA_IL4_vs_Vehicle_up_nominal_background_list.txt	0.214	yes	compact enrichment result/provenance table retained for manuscript review	data/processed/final/enrichment_inputs/mrna/mRNA_IL4_vs_Vehicle_up_nominal_background_ensembl.txt	data/processed/final/enrichment_inputs/mrna/mRNA_IL4_vs_Vehicle_up_nominal_background_ensembl.txt		duplicate hash retained only where public input/output/source-data copy is intentional
results/final/enrichment/mrna/mRNA_IL4_vs_Vehicle_up_nominal/mRNA_IL4_vs_Vehicle_up_nominal_complete_results.tsv	0.886	yes	compact enrichment result/provenance table retained for manuscript review	results/final/enrichment/mrna/mRNA_IL4_vs_Vehicle_up_nominal/mRNA_IL4_vs_Vehicle_up_nominal_complete_results.tsv			
results/final/enrichment/mrna/mRNA_IL4_vs_Vehicle_up_nominal/mRNA_IL4_vs_Vehicle_up_nominal_figure_source_data.tsv	0.004	yes	compact enrichment result/provenance table retained for manuscript review	results/final/enrichment/mrna/mRNA_IL4_vs_Vehicle_up_nominal/mRNA_IL4_vs_Vehicle_up_nominal_figure_source_data.tsv			
results/final/enrichment/mrna/mRNA_IL4_vs_Vehicle_up_nominal/mRNA_IL4_vs_Vehicle_up_nominal_input_list.txt	0.006	yes	compact enrichment result/provenance table retained for manuscript review	data/processed/final/enrichment_inputs/mrna/mRNA_IL4_vs_Vehicle_up_nominal_input_ensembl.txt	data/processed/final/enrichment_inputs/mrna/mRNA_IL4_vs_Vehicle_up_nominal_input_ensembl.txt		duplicate hash retained only where public input/output/source-data copy is intentional
results/final/enrichment/mrna/mRNA_IL4_vs_Vehicle_up_nominal/mRNA_IL4_vs_Vehicle_up_nominal_parameters.tsv	0.000	yes	compact enrichment result/provenance table retained for manuscript review	results/final/enrichment/mrna/mRNA_IL4_vs_Vehicle_up_nominal/mRNA_IL4_vs_Vehicle_up_nominal_parameters.tsv			
results/final/enrichment/mrna/mRNA_IL4_vs_Vehicle_up_nominal/mRNA_IL4_vs_Vehicle_up_nominal_plotted_terms.tsv	0.004	yes	compact enrichment result/provenance table retained for manuscript review	results/final/enrichment/mrna/mRNA_IL4_vs_Vehicle_up_nominal/mRNA_IL4_vs_Vehicle_up_nominal_figure_source_data.tsv	results/final/enrichment/mrna/mRNA_IL4_vs_Vehicle_up_nominal/mRNA_IL4_vs_Vehicle_up_nominal_figure_source_data.tsv		duplicate hash retained only where public input/output/source-data copy is intentional
results/final/enrichment/mrna/mRNA_IL4_vs_Vehicle_up_nominal/mRNA_IL4_vs_Vehicle_up_nominal_significant_results.tsv	0.010	yes	compact enrichment result/provenance table retained for manuscript review	results/final/enrichment/mrna/mRNA_IL4_vs_Vehicle_up_nominal/mRNA_IL4_vs_Vehicle_up_nominal_significant_results.tsv			
results/final/enrichment/mrna/mRNA_enrichment_summary.tsv	0.000	yes	compact enrichment result/provenance table retained for manuscript review	results/final/enrichment/mrna/mRNA_enrichment_summary.tsv			
results/final/miranda/miranda_commands.tsv	0.001	yes	miRanda command/checksum/version provenance retained	results/final/miranda/miranda_commands.tsv			
results/final/miranda/miranda_input_checksums.tsv	0.001	yes	miRanda command/checksum/version provenance retained	results/final/miranda/miranda_input_checksums.tsv			
results/final/miranda/miranda_version.txt	0.000	yes	miRanda command/checksum/version provenance retained	results/final/miranda/miranda_version.txt			
results/final/networks/FDR_restricted_provenance_network_EMPTY.txt	0.000	yes	compact network output retained for Figure 4D review	results/final/networks/FDR_restricted_provenance_network_EMPTY.txt			
results/final/networks/integrated_ceRNA_network_curated.tsv	0.123	yes	compact network output retained for Figure 4D review	data/processed/final/integrated_ceRNA_network_curated.tsv	data/processed/final/integrated_ceRNA_network_curated.tsv		duplicate hash retained only where public input/output/source-data copy is intentional
results/final/source_data/Supplementary_Table_integrated_ceRNA_network.tsv	0.123	yes	minimal manuscript figure/source-data table retained	data/processed/final/integrated_ceRNA_network_curated.tsv	data/processed/final/integrated_ceRNA_network_curated.tsv		duplicate hash retained only where public input/output/source-data copy is intentional
results/final/source_data/circrna/circRNA_IL13_vs_Vehicle_heatmap_source_data.tsv	0.005	yes	minimal manuscript figure/source-data table retained	results/final/source_data/circrna/circRNA_IL13_vs_Vehicle_heatmap_source_data.tsv			
results/final/source_data/circrna/circRNA_IL13_vs_Vehicle_volcano_source_data.tsv	1.503	yes	minimal manuscript figure/source-data table retained	results/final/source_data/circrna/circRNA_IL13_vs_Vehicle_volcano_source_data.tsv			
results/final/source_data/circrna/circRNA_IL4_vs_Vehicle_heatmap_source_data.tsv	0.006	yes	minimal manuscript figure/source-data table retained	results/final/source_data/circrna/circRNA_IL4_vs_Vehicle_heatmap_source_data.tsv			
results/final/source_data/circrna/circRNA_IL4_vs_Vehicle_volcano_source_data.tsv	1.503	yes	minimal manuscript figure/source-data table retained	results/final/source_data/circrna/circRNA_IL4_vs_Vehicle_volcano_source_data.tsv			
results/final/source_data/curated_integrated_candidate_axis_edges.tsv	0.002	yes	minimal manuscript figure/source-data table retained	data/processed/final/networks/curated_integrated_candidate_axis_edges.tsv	data/processed/final/networks/curated_integrated_candidate_axis_edges.tsv		duplicate hash retained only where public input/output/source-data copy is intentional
results/final/source_data/mirna/miRNA_IL13_vs_Vehicle_volcano_source_data.tsv	0.152	yes	minimal manuscript figure/source-data table retained	results/final/source_data/mirna/miRNA_IL13_vs_Vehicle_volcano_source_data.tsv			
results/final/source_data/mirna/miRNA_IL4_vs_Vehicle_volcano_source_data.tsv	0.149	yes	minimal manuscript figure/source-data table retained	results/final/source_data/mirna/miRNA_IL4_vs_Vehicle_volcano_source_data.tsv			
results/final/source_data/mrna/mRNA_IL13_vs_Vehicle_volcano_source_data.tsv	1.345	yes	minimal manuscript figure/source-data table retained	results/final/source_data/mrna/mRNA_IL13_vs_Vehicle_volcano_source_data.tsv			
results/final/source_data/mrna/mRNA_IL4_vs_Vehicle_volcano_source_data.tsv	1.344	yes	minimal manuscript figure/source-data table retained	results/final/source_data/mrna/mRNA_IL4_vs_Vehicle_volcano_source_data.tsv			
results/final/source_data/mrna/mRNA_PCA_source_data.tsv	0.000	yes	minimal manuscript figure/source-data table retained	results/final/source_data/mrna/mRNA_PCA_source_data.tsv			
results/final/source_data/mrna/mRNA_sample_correlation_source_data.tsv	0.002	yes	minimal manuscript figure/source-data table retained	results/final/source_data/mrna/mRNA_sample_correlation_source_data.tsv			
run_all.R	0.001	yes	workflow code/configuration required for rerun	run_all.R			
scripts/00_build_mrna_count_matrix_from_featurecounts.R	0.002	yes	workflow code/configuration required for rerun	scripts/00_build_mrna_count_matrix_from_featurecounts.R			
scripts/01_mrna_differential_expression.R	0.009	yes	workflow code/configuration required for rerun	scripts/01_mrna_differential_expression.R			
scripts/02_mirna_differential_expression.R	0.011	yes	workflow code/configuration required for rerun	scripts/02_mirna_differential_expression.R			
scripts/03_circrna_differential_expression.R	0.018	yes	workflow code/configuration required for rerun	scripts/03_circrna_differential_expression.R			
scripts/04_mrna_enrichment.R	0.001	yes	workflow code/configuration required for rerun	scripts/04_mrna_enrichment.R			
scripts/05_circrna_enrichment.R	0.002	yes	workflow code/configuration required for rerun	scripts/05_circrna_enrichment.R			
scripts/06_prepare_miranda_inputs.R	0.003	yes	workflow code/configuration required for rerun	scripts/06_prepare_miranda_inputs.R			
scripts/07_parse_miranda_results.R	0.002	yes	workflow code/configuration required for rerun	scripts/07_parse_miranda_results.R			
scripts/08_construct_networks.R	0.014	yes	workflow code/configuration required for rerun	scripts/08_construct_networks.R			
scripts/09_plot_networks.R	0.002	yes	workflow code/configuration required for rerun	scripts/09_plot_networks.R			
scripts/10_sync_integrated_network_source.R	0.002	yes	workflow code/configuration required for rerun	scripts/10_sync_integrated_network_source.R			
sessionInfo.txt	0.001	yes	public documentation/reproducibility metadata retained	sessionInfo.txt			
