comparison	miRNA	target_raw	target_primary	target_symbol	score	energy	mirna_start	mirna_end	target_start	target_end	source_file
IL4_down	hsa-miR-320d	ENSG00000113594|ENSG00000113594.10|LIFR	ENSG00000113594	LIFR	140	-11.21	2	9	831	849	IL4_vs_V_miRNA_down_against_3utr_circ_filtered_targets.txt
IL4_down	hsa-miR-320d	ENSG00000108821|ENSG00000108821.14|COL1A1	ENSG00000108821	COL1A1	140	-22.06	2	18	154	173	IL4_vs_V_miRNA_down_against_3utr_circ_filtered_targets.txt
IL4_down	hsa-miR-1277-5p	ENSG00000103888|ENSG00000103888.17|CEMIP	ENSG00000103888	CEMIP	150	-6.92	2	19	2642	2665	IL4_vs_V_miRNA_down_against_3utr_circ_filtered_targets.txt
IL4_down	hsa-miR-1277-5p	ENSG00000113594|ENSG00000113594.10|LIFR	ENSG00000113594	LIFR	163	-14.14	2	22	1707	1729	IL4_vs_V_miRNA_down_against_3utr_circ_filtered_targets.txt
IL4_down	hsa-miR-1277-5p	ENSG00000113594|ENSG00000113594.10|LIFR	ENSG00000113594	LIFR	160	-6.8	2	23	6598	6620	IL4_vs_V_miRNA_down_against_3utr_circ_filtered_targets.txt
IL4_down	hsa-miR-1277-5p	ENSG00000113594|ENSG00000113594.10|LIFR	ENSG00000113594	LIFR	156	-7.15	2	23	3031	3056	IL4_vs_V_miRNA_down_against_3utr_circ_filtered_targets.txt
IL4_down	hsa-miR-1277-5p	ENSG00000026508|ENSG00000026508.21|CD44	ENSG00000026508	CD44	152	-12.03	2	19	2983	3005	IL4_vs_V_miRNA_down_against_3utr_circ_filtered_targets.txt
IL4_down	hsa-miR-1277-5p	ENSG00000026508|ENSG00000026508.21|CD44	ENSG00000026508	CD44	145	-10.11	2	23	292	316	IL4_vs_V_miRNA_down_against_3utr_circ_filtered_targets.txt
IL4_down	hsa-miR-181d-5p	ENSG00000103888|ENSG00000103888.17|CEMIP	ENSG00000103888	CEMIP	155	-12.63	2	20	2289	2311	IL4_vs_V_miRNA_down_against_3utr_circ_filtered_targets.txt
IL4_down	hsa-miR-181d-5p	ENSG00000113594|ENSG00000113594.10|LIFR	ENSG00000113594	LIFR	152	-11.96	2	13	5954	5976	IL4_vs_V_miRNA_down_against_3utr_circ_filtered_targets.txt
IL4_down	hsa-miR-181d-5p	ENSG00000113594|ENSG00000113594.10|LIFR	ENSG00000113594	LIFR	143	-14.5	2	17	4791	4815	IL4_vs_V_miRNA_down_against_3utr_circ_filtered_targets.txt
IL4_down	hsa-miR-181d-5p	COL3A1	COL3A1	COL3A1	140	-23.42	2	22	311	335	IL4_vs_V_miRNA_down_against_3utr_circ_filtered_targets.txt
IL4_down	hsa-miR-181d-5p	circLIFR:circ_103819:circ_0072305	circLIFR	circ_0072305	144	-24.03	3	22	584	607	IL4_vs_V_miRNA_down_against_3utr_circ_filtered_targets.txt
IL4_down	hsa-miR-132-5p	circTNC:circ_0088194	circTNC	circ_0088194	150	-18.29	2	21	260	280	IL4_vs_V_miRNA_down_against_3utr_circ_filtered_targets.txt
IL4_down	hsa-miR-132-5p	circTNC:circ_0088194	circTNC	circ_0088194	145	-21.27	2	15	710	733	IL4_vs_V_miRNA_down_against_3utr_circ_filtered_targets.txt
IL4_down	hsa-miR-132-5p	circKITLG:circ_002375:circ_0002375	circKITLG	circ_0002375	146	-18.9	2	19	620	641	IL4_vs_V_miRNA_down_against_3utr_circ_filtered_targets.txt
IL4_down	hsa-miR-215-5p	ENSG00000113594|ENSG00000113594.10|LIFR	ENSG00000113594	LIFR	148	-14.84	2	19	3072	3089	IL4_vs_V_miRNA_down_against_3utr_circ_filtered_targets.txt
IL4_down	hsa-miR-124-5p	ENSG00000026508|ENSG00000026508.21|CD44	ENSG00000026508	CD44	147	-15.91	2	16	1783	1804	IL4_vs_V_miRNA_down_against_3utr_circ_filtered_targets.txt
IL4_down	hsa-miR-124-5p	ENSG00000041982|ENSG00000041982.17|TNC	ENSG00000041982	TNC	140	-8.04	2	9	780	801	IL4_vs_V_miRNA_down_against_3utr_circ_filtered_targets.txt
IL4_down	hsa-miR-331-5p	ENSG00000113594|ENSG00000113594.10|LIFR	ENSG00000113594	LIFR	156	-12.98	2	21	273	294	IL4_vs_V_miRNA_down_against_3utr_circ_filtered_targets.txt
IL4_down	hsa-miR-331-5p	ENSG00000113594|ENSG00000113594.10|LIFR	ENSG00000113594	LIFR	153	-22.22	2	21	1183	1202	IL4_vs_V_miRNA_down_against_3utr_circ_filtered_targets.txt
IL4_down	hsa-miR-331-5p	ENSG00000026508|ENSG00000026508.21|CD44	ENSG00000026508	CD44	141	-15.78	3	20	2197	2217	IL4_vs_V_miRNA_down_against_3utr_circ_filtered_targets.txt
IL4_down	hsa-miR-331-5p	circLIFR:circ_103819:circ_0072305	circLIFR	circ_0072305	150	-14.5	2	21	465	485	IL4_vs_V_miRNA_down_against_3utr_circ_filtered_targets.txt
IL4_down	hsa-miR-331-5p	circLIFR:circ_103820:circ_0072309	circLIFR	circ_0072309	150	-14.5	2	21	465	485	IL4_vs_V_miRNA_down_against_3utr_circ_filtered_targets.txt
IL4_down	hsa-miR-625-3p	ENSG00000113594|ENSG00000113594.10|LIFR	ENSG00000113594	LIFR	157	-14.26	2	14	3388	3409	IL4_vs_V_miRNA_down_against_3utr_circ_filtered_targets.txt
IL4_down	hsa-miR-3135b	ENSG00000113594|ENSG00000113594.10|LIFR	ENSG00000113594	LIFR	160	-27.25	2	17	2692	2713	IL4_vs_V_miRNA_down_against_3utr_circ_filtered_targets.txt
IL4_down	hsa-miR-3135b	ENSG00000108821|ENSG00000108821.14|COL1A1	ENSG00000108821	COL1A1	150	-24.37	2	17	1077	1097	IL4_vs_V_miRNA_down_against_3utr_circ_filtered_targets.txt
IL4_down	hsa-miR-3135b	ENSG00000041982|ENSG00000041982.17|TNC	ENSG00000041982	TNC	159	-33.3	2	21	1050	1072	IL4_vs_V_miRNA_down_against_3utr_circ_filtered_targets.txt
IL4_down	hsa-miR-3135b	ENSG00000115414|ENSG00000115414.21|FN1	ENSG00000115414	FN1	141	-16.09	2	16	114	134	IL4_vs_V_miRNA_down_against_3utr_circ_filtered_targets.txt
IL4_down	hsa-miR-3135b	circTNC:circ_0088200	circTNC	circ_0088200	140	-27.98	2	21	215	237	IL4_vs_V_miRNA_down_against_3utr_circ_filtered_targets.txt
IL4_down	hsa-miR-3135b	circKITLG:circ_002375:circ_0002375	circKITLG	circ_0002375	146	-22.91	2	21	9	32	IL4_vs_V_miRNA_down_against_3utr_circ_filtered_targets.txt
IL4_down	hsa-miR-3135b	circKITLG:circ_002375:circ_0002375	circKITLG	circ_0002375	145	-22.29	2	21	603	622	IL4_vs_V_miRNA_down_against_3utr_circ_filtered_targets.txt
IL4_down	hsa-miR-3681-5p	ENSG00000103888|ENSG00000103888.17|CEMIP	ENSG00000103888	CEMIP	153	-18.53	2	19	676	700	IL4_vs_V_miRNA_down_against_3utr_circ_filtered_targets.txt
IL4_down	hsa-miR-3681-5p	ENSG00000103888|ENSG00000103888.17|CEMIP	ENSG00000103888	CEMIP	147	-14.7	2	21	319	341	IL4_vs_V_miRNA_down_against_3utr_circ_filtered_targets.txt
IL4_down	hsa-miR-3681-5p	ENSG00000113594|ENSG00000113594.10|LIFR	ENSG00000113594	LIFR	145	-20.92	2	21	3205	3226	IL4_vs_V_miRNA_down_against_3utr_circ_filtered_targets.txt
IL4_down	hsa-miR-3681-5p	ENSG00000108821|ENSG00000108821.14|COL1A1	ENSG00000108821	COL1A1	140	-15.12	2	21	266	287	IL4_vs_V_miRNA_down_against_3utr_circ_filtered_targets.txt
IL4_down	hsa-miR-3681-5p	ENSG00000164692|ENSG00000164692.19|COL1A2	ENSG00000164692	COL1A2	140	-14.92	2	15	97	117	IL4_vs_V_miRNA_down_against_3utr_circ_filtered_targets.txt
IL4_down	hsa-miR-3681-5p	ENSG00000041982|ENSG00000041982.17|TNC	ENSG00000041982	TNC	144	-12.37	2	21	1410	1431	IL4_vs_V_miRNA_down_against_3utr_circ_filtered_targets.txt
IL4_down	hsa-miR-3681-5p	circKIAA1199:circ_101622:circ_0003893	circKIAA1199	circ_0003893	161	-20.11	2	19	139	161	IL4_vs_V_miRNA_down_against_3utr_circ_filtered_targets.txt
IL4_down	hsa-miR-135b-5p	ENSG00000026508|ENSG00000026508.21|CD44	ENSG00000026508	CD44	148	-12.58	2	19	1467	1488	IL4_vs_V_miRNA_down_against_3utr_circ_filtered_targets.txt
IL4_down	hsa-miR-135b-5p	ENSG00000041982|ENSG00000041982.17|TNC	ENSG00000041982	TNC	152	-11.55	2	22	400	423	IL4_vs_V_miRNA_down_against_3utr_circ_filtered_targets.txt
IL4_down	hsa-miR-135b-5p	circLIFR:circ_103819:circ_0072305	circLIFR	circ_0072305	143	-9.43	2	22	1178	1199	IL4_vs_V_miRNA_down_against_3utr_circ_filtered_targets.txt
IL4_down	hsa-miR-135b-5p	circCD44:circ_100796:circ_0021727	circCD44	circ_0021727	146	-14	2	21	51	72	IL4_vs_V_miRNA_down_against_3utr_circ_filtered_targets.txt
IL4_down	hsa-miR-4705	ENSG00000113594|ENSG00000113594.10|LIFR	ENSG00000113594	LIFR	163	-19.7	2	21	1286	1308	IL4_vs_V_miRNA_down_against_3utr_circ_filtered_targets.txt
IL4_down	hsa-miR-4705	ENSG00000113594|ENSG00000113594.10|LIFR	ENSG00000113594	LIFR	160	-17.54	2	21	5581	5602	IL4_vs_V_miRNA_down_against_3utr_circ_filtered_targets.txt
IL4_down	hsa-miR-4705	ENSG00000113594|ENSG00000113594.10|LIFR	ENSG00000113594	LIFR	154	-14.79	2	16	5111	5133	IL4_vs_V_miRNA_down_against_3utr_circ_filtered_targets.txt
IL4_down	hsa-miR-4705	circKITLG:circ_002375:circ_0002375	circKITLG	circ_0002375	151	-15.78	2	21	451	474	IL4_vs_V_miRNA_down_against_3utr_circ_filtered_targets.txt
IL4_down	hsa-miR-4467	ENSG00000103888|ENSG00000103888.17|CEMIP	ENSG00000103888	CEMIP	150	-32	2	21	964	984	IL4_vs_V_miRNA_down_against_3utr_circ_filtered_targets.txt
IL4_up	hsa-miR-377-3p	ENSG00000113594|ENSG00000113594.10|LIFR	ENSG00000113594	LIFR	163	-19.15	2	21	4096	4118	IL4_vs_V_miRNA_up_against_3utr_circ_filtered_targets.txt
IL4_up	hsa-miR-377-3p	ENSG00000113594|ENSG00000113594.10|LIFR	ENSG00000113594	LIFR	153	-14.08	2	20	6253	6273	IL4_vs_V_miRNA_up_against_3utr_circ_filtered_targets.txt
IL4_up	hsa-miR-377-3p	ENSG00000113594|ENSG00000113594.10|LIFR	ENSG00000113594	LIFR	140	-15.49	3	21	2335	2353	IL4_vs_V_miRNA_up_against_3utr_circ_filtered_targets.txt
IL4_up	hsa-miR-377-3p	circLIFR:circ_103819:circ_0072305	circLIFR	circ_0072305	152	-11.43	2	21	816	837	IL4_vs_V_miRNA_up_against_3utr_circ_filtered_targets.txt
IL4_up	hsa-miR-377-3p	circKITLG:circ_002375:circ_0002375	circKITLG	circ_0002375	144	-13.42	2	21	458	479	IL4_vs_V_miRNA_up_against_3utr_circ_filtered_targets.txt
IL4_up	hsa-miR-539-3p	ENSG00000113594|ENSG00000113594.10|LIFR	ENSG00000113594	LIFR	162	-12.1	2	19	1607	1628	IL4_vs_V_miRNA_up_against_3utr_circ_filtered_targets.txt
IL4_up	hsa-miR-539-3p	ENSG00000113594|ENSG00000113594.10|LIFR	ENSG00000113594	LIFR	151	-12.23	2	16	2207	2228	IL4_vs_V_miRNA_up_against_3utr_circ_filtered_targets.txt
IL4_up	hsa-miR-539-3p	ENSG00000113594|ENSG00000113594.10|LIFR	ENSG00000113594	LIFR	148	-17.24	2	21	4097	4118	IL4_vs_V_miRNA_up_against_3utr_circ_filtered_targets.txt
IL4_up	hsa-miR-539-3p	circLIFR:circ_103819:circ_0072305	circLIFR	circ_0072305	141	-8.64	2	21	816	837	IL4_vs_V_miRNA_up_against_3utr_circ_filtered_targets.txt
IL4_up	hsa-miR-539-3p	circMAPKAPPK3:circ_103383:circ_0065871	circMAPKAPPK3	circ_0065871	146	-10.82	2	13	1	12	IL4_vs_V_miRNA_up_against_3utr_circ_filtered_targets.txt
IL4_up	hsa-miR-539-3p	circMAPKAPPK3:circ_103383:circ_0065871	circMAPKAPPK3	circ_0065871	142	-10.68	2	15	75	96	IL4_vs_V_miRNA_up_against_3utr_circ_filtered_targets.txt
IL4_up	hsa-miR-376b-3p	ENSG00000113594|ENSG00000113594.10|LIFR	ENSG00000113594	LIFR	145	-12.23	2	14	2939	2960	IL4_vs_V_miRNA_up_against_3utr_circ_filtered_targets.txt
IL4_up	hsa-miR-376b-3p	ENSG00000026508|ENSG00000026508.21|CD44	ENSG00000026508	CD44	142	-12.71	2	15	1779	1800	IL4_vs_V_miRNA_up_against_3utr_circ_filtered_targets.txt
IL4_up	hsa-miR-376b-3p	ENSG00000041982|ENSG00000041982.17|TNC	ENSG00000041982	TNC	145	-12.91	2	10	1216	1237	IL4_vs_V_miRNA_up_against_3utr_circ_filtered_targets.txt
IL4_up	hsa-miR-376b-3p	ENSG00000041982|ENSG00000041982.17|TNC	ENSG00000041982	TNC	143	-25.9	2	21	153	178	IL4_vs_V_miRNA_up_against_3utr_circ_filtered_targets.txt
IL4_up	hsa-miR-376b-3p	ENSG00000115414|ENSG00000115414.21|FN1	ENSG00000115414	FN1	140	-11.93	2	9	767	788	IL4_vs_V_miRNA_up_against_3utr_circ_filtered_targets.txt
IL4_up	hsa-miR-376b-3p	COL3A1	COL3A1	COL3A1	164	-16.16	2	21	426	447	IL4_vs_V_miRNA_up_against_3utr_circ_filtered_targets.txt
IL4_up	hsa-miR-1260b	ENSG00000103888|ENSG00000103888.17|CEMIP	ENSG00000103888	CEMIP	140	-13.83	2	9	2018	2036	IL4_vs_V_miRNA_up_against_3utr_circ_filtered_targets.txt
IL4_up	hsa-miR-1260b	ENSG00000108821|ENSG00000108821.14|COL1A1	ENSG00000108821	COL1A1	148	-15.73	2	13	1284	1302	IL4_vs_V_miRNA_up_against_3utr_circ_filtered_targets.txt
IL4_up	hsa-miR-1260b	ENSG00000041982|ENSG00000041982.17|TNC	ENSG00000041982	TNC	153	-21.5	2	18	844	862	IL4_vs_V_miRNA_up_against_3utr_circ_filtered_targets.txt
IL4_up	hsa-miR-1260b	circLIFR:circ_103819:circ_0072305	circLIFR	circ_0072305	140	-23.88	3	18	1088	1109	IL4_vs_V_miRNA_up_against_3utr_circ_filtered_targets.txt
IL4_up	hsa-miR-548a-3p	ENSG00000113594|ENSG00000113594.10|LIFR	ENSG00000113594	LIFR	140	-7.78	2	9	2372	2393	IL4_vs_V_miRNA_up_against_3utr_circ_filtered_targets.txt
IL4_up	hsa-miR-548a-3p	ENSG00000108821|ENSG00000108821.14|COL1A1	ENSG00000108821	COL1A1	148	-8.12	2	20	1264	1285	IL4_vs_V_miRNA_up_against_3utr_circ_filtered_targets.txt
IL4_up	hsa-miR-548a-3p	circLIFR:circ_103819:circ_0072305	circLIFR	circ_0072305	149	-13.87	2	21	492	511	IL4_vs_V_miRNA_up_against_3utr_circ_filtered_targets.txt
IL4_up	hsa-miR-548a-3p	circLIFR:circ_103820:circ_0072309	circLIFR	circ_0072309	149	-13.87	2	21	492	511	IL4_vs_V_miRNA_up_against_3utr_circ_filtered_targets.txt
IL4_up	hsa-miR-7-2-3p	ENSG00000113594|ENSG00000113594.10|LIFR	ENSG00000113594	LIFR	144	-7.07	2	16	2133	2152	IL4_vs_V_miRNA_up_against_3utr_circ_filtered_targets.txt
IL4_up	hsa-miR-7-2-3p	ENSG00000113594|ENSG00000113594.10|LIFR	ENSG00000113594	LIFR	141	-11.23	2	14	5602	5623	IL4_vs_V_miRNA_up_against_3utr_circ_filtered_targets.txt
IL4_up	hsa-miR-7-2-3p	ENSG00000113594|ENSG00000113594.10|LIFR	ENSG00000113594	LIFR	140	-11.89	2	9	3078	3099	IL4_vs_V_miRNA_up_against_3utr_circ_filtered_targets.txt
IL4_up	hsa-miR-7-2-3p	ENSG00000164692|ENSG00000164692.19|COL1A2	ENSG00000164692	COL1A2	151	-8.44	2	17	657	679	IL4_vs_V_miRNA_up_against_3utr_circ_filtered_targets.txt
IL4_up	hsa-miR-7-2-3p	ENSG00000026508|ENSG00000026508.21|CD44	ENSG00000026508	CD44	140	-3.34	2	9	1538	1559	IL4_vs_V_miRNA_up_against_3utr_circ_filtered_targets.txt
IL4_up	hsa-miR-7-2-3p	ENSG00000026508|ENSG00000026508.21|CD44	ENSG00000026508	CD44	140	-3.52	2	9	2832	2853	IL4_vs_V_miRNA_up_against_3utr_circ_filtered_targets.txt
IL4_up	hsa-miR-7-2-3p	ENSG00000041982|ENSG00000041982.17|TNC	ENSG00000041982	TNC	140	-6.86	2	21	610	631	IL4_vs_V_miRNA_up_against_3utr_circ_filtered_targets.txt
IL4_up	hsa-miR-99a-3p	ENSG00000103888|ENSG00000103888.17|CEMIP	ENSG00000103888	CEMIP	143	-24.6	3	20	1140	1161	IL4_vs_V_miRNA_up_against_3utr_circ_filtered_targets.txt
IL4_up	hsa-miR-188-5p	ENSG00000026508|ENSG00000026508.21|CD44	ENSG00000026508	CD44	142	-18.61	2	20	1288	1309	IL4_vs_V_miRNA_up_against_3utr_circ_filtered_targets.txt
IL4_up	hsa-miR-188-5p	circKITLG:circ_002375:circ_0002375	circKITLG	circ_0002375	144	-14.29	2	19	50	69	IL4_vs_V_miRNA_up_against_3utr_circ_filtered_targets.txt
IL4_up	hsa-miR-10396b-5p	ENSG00000108821|ENSG00000108821.14|COL1A1	ENSG00000108821	COL1A1	144	-31.26	2	19	1085	1103	IL4_vs_V_miRNA_up_against_3utr_circ_filtered_targets.txt
IL4_up	hsa-miR-10396b-5p	circKIAA1199:circ_101622:circ_0003893	circKIAA1199	circ_0003893	148	-29.99	2	13	162	181	IL4_vs_V_miRNA_up_against_3utr_circ_filtered_targets.txt
IL4_up	hsa-let-7f-2-3p	ENSG00000113594|ENSG00000113594.10|LIFR	ENSG00000113594	LIFR	156	-18.67	2	21	3971	3992	IL4_vs_V_miRNA_up_against_3utr_circ_filtered_targets.txt
IL4_up	hsa-let-7f-2-3p	ENSG00000113594|ENSG00000113594.10|LIFR	ENSG00000113594	LIFR	145	-9.69	2	10	585	606	IL4_vs_V_miRNA_up_against_3utr_circ_filtered_targets.txt
IL4_up	hsa-let-7f-2-3p	ENSG00000041982|ENSG00000041982.17|TNC	ENSG00000041982	TNC	152	-9.48	2	17	349	370	IL4_vs_V_miRNA_up_against_3utr_circ_filtered_targets.txt
IL4_up	hsa-miR-3182	ENSG00000103888|ENSG00000103888.17|CEMIP	ENSG00000103888	CEMIP	142	-10.23	2	11	1138	1154	IL4_vs_V_miRNA_up_against_3utr_circ_filtered_targets.txt
IL4_up	hsa-miR-3182	ENSG00000113594|ENSG00000113594.10|LIFR	ENSG00000113594	LIFR	141	-13.07	2	16	3199	3214	IL4_vs_V_miRNA_up_against_3utr_circ_filtered_targets.txt
IL4_up	hsa-miR-3182	ENSG00000164692|ENSG00000164692.19|COL1A2	ENSG00000164692	COL1A2	142	-13.07	2	11	707	723	IL4_vs_V_miRNA_up_against_3utr_circ_filtered_targets.txt
IL4_up	hsa-miR-3182	circTNC:circ_0088194	circTNC	circ_0088194	140	-15.64	2	13	381	397	IL4_vs_V_miRNA_up_against_3utr_circ_filtered_targets.txt
IL4_up	hsa-miR-3182	circLIFR:circ_103819:circ_0072305	circLIFR	circ_0072305	149	-13.35	2	16	1602	1617	IL4_vs_V_miRNA_up_against_3utr_circ_filtered_targets.txt
IL4_up	hsa-miR-3182	circKIAA1199:circ_101622:circ_0003893	circKIAA1199	circ_0003893	141	-14.24	2	14	129	145	IL4_vs_V_miRNA_up_against_3utr_circ_filtered_targets.txt
IL4_up	hsa-miR-143-5p	ENSG00000103888|ENSG00000103888.17|CEMIP	ENSG00000103888	CEMIP	141	-16.51	2	15	1974	1997	IL4_vs_V_miRNA_up_against_3utr_circ_filtered_targets.txt
IL4_up	hsa-miR-143-5p	ENSG00000041982|ENSG00000041982.17|TNC	ENSG00000041982	TNC	151	-17.46	2	17	1044	1066	IL4_vs_V_miRNA_up_against_3utr_circ_filtered_targets.txt
IL4_up	hsa-miR-143-5p	ENSG00000115414|ENSG00000115414.21|FN1	ENSG00000115414	FN1	146	-17.38	2	21	190	210	IL4_vs_V_miRNA_up_against_3utr_circ_filtered_targets.txt
IL4_up	hsa-miR-1277-3p	circLIFR:circ_103819:circ_0072305	circLIFR	circ_0072305	150	-15.93	2	21	17	37	IL4_vs_V_miRNA_up_against_3utr_circ_filtered_targets.txt
IL4_up	hsa-miR-1277-3p	circLIFR:circ_103819:circ_0072305	circLIFR	circ_0072305	146	-11.13	2	15	533	554	IL4_vs_V_miRNA_up_against_3utr_circ_filtered_targets.txt
IL4_up	hsa-miR-1277-3p	circLIFR:circ_103820:circ_0072309	circLIFR	circ_0072309	150	-15.93	2	21	17	37	IL4_vs_V_miRNA_up_against_3utr_circ_filtered_targets.txt
IL4_up	hsa-miR-1277-3p	circLIFR:circ_103820:circ_0072309	circLIFR	circ_0072309	146	-11.13	2	15	533	554	IL4_vs_V_miRNA_up_against_3utr_circ_filtered_targets.txt
IL4_up	hsa-miR-4742-5p	ENSG00000103888|ENSG00000103888.17|CEMIP	ENSG00000103888	CEMIP	148	-22.97	2	22	2738	2764	IL4_vs_V_miRNA_up_against_3utr_circ_filtered_targets.txt
IL4_up	hsa-miR-4742-5p	ENSG00000113594|ENSG00000113594.10|LIFR	ENSG00000113594	LIFR	162	-19.2	2	21	421	442	IL4_vs_V_miRNA_up_against_3utr_circ_filtered_targets.txt
IL4_up	hsa-miR-4742-5p	ENSG00000113594|ENSG00000113594.10|LIFR	ENSG00000113594	LIFR	143	-19.05	2	21	2526	2549	IL4_vs_V_miRNA_up_against_3utr_circ_filtered_targets.txt
IL4_up	hsa-miR-4742-5p	ENSG00000026508|ENSG00000026508.21|CD44	ENSG00000026508	CD44	142	-18.22	2	11	2296	2318	IL4_vs_V_miRNA_up_against_3utr_circ_filtered_targets.txt
IL4_up	hsa-miR-4742-5p	ENSG00000115414|ENSG00000115414.21|FN1	ENSG00000115414	FN1	145	-12.66	2	22	196	218	IL4_vs_V_miRNA_up_against_3utr_circ_filtered_targets.txt
IL4_up	hsa-miR-4742-5p	ENSG00000115414|ENSG00000115414.21|FN1	ENSG00000115414	FN1	140	-14.91	2	9	1048	1070	IL4_vs_V_miRNA_up_against_3utr_circ_filtered_targets.txt
IL4_up	hsa-miR-190a-5p	ENSG00000113594|ENSG00000113594.10|LIFR	ENSG00000113594	LIFR	150	-14.79	2	21	5443	5463	IL4_vs_V_miRNA_up_against_3utr_circ_filtered_targets.txt
IL4_up	hsa-miR-190a-5p	ENSG00000113594|ENSG00000113594.10|LIFR	ENSG00000113594	LIFR	144	-9.11	2	20	1758	1777	IL4_vs_V_miRNA_up_against_3utr_circ_filtered_targets.txt
IL4_up	hsa-miR-3657	ENSG00000026508|ENSG00000026508.21|CD44	ENSG00000026508	CD44	154	-18.57	2	20	47	68	IL4_vs_V_miRNA_up_against_3utr_circ_filtered_targets.txt
IL4_up	hsa-miR-3657	ENSG00000041982|ENSG00000041982.17|TNC	ENSG00000041982	TNC	149	-13.81	2	20	1355	1378	IL4_vs_V_miRNA_up_against_3utr_circ_filtered_targets.txt
IL4_up	hsa-miR-218-5p	ENSG00000113594|ENSG00000113594.10|LIFR	ENSG00000113594	LIFR	149	-14.68	2	14	456	476	IL4_vs_V_miRNA_up_against_3utr_circ_filtered_targets.txt
IL4_up	hsa-miR-218-5p	ENSG00000113594|ENSG00000113594.10|LIFR	ENSG00000113594	LIFR	146	-14.51	2	15	6244	6264	IL4_vs_V_miRNA_up_against_3utr_circ_filtered_targets.txt
IL4_up	hsa-miR-218-5p	ENSG00000108821|ENSG00000108821.14|COL1A1	ENSG00000108821	COL1A1	140	-10.46	2	9	1255	1275	IL4_vs_V_miRNA_up_against_3utr_circ_filtered_targets.txt
IL4_up	hsa-miR-218-5p	ENSG00000026508|ENSG00000026508.21|CD44	ENSG00000026508	CD44	140	-11.33	2	9	2361	2381	IL4_vs_V_miRNA_up_against_3utr_circ_filtered_targets.txt
IL4_up	hsa-miR-218-5p	ENSG00000041982|ENSG00000041982.17|TNC	ENSG00000041982	TNC	150	-10.05	2	16	592	613	IL4_vs_V_miRNA_up_against_3utr_circ_filtered_targets.txt
IL4_up	hsa-miR-218-5p	circCD44:circ_100796:circ_0021727	circCD44	circ_0021727	145	-13.95	2	10	211	231	IL4_vs_V_miRNA_up_against_3utr_circ_filtered_targets.txt
IL4_up	hsa-miR-218-5p	circCD44:circ_100796:circ_0021727	circCD44	circ_0021727	140	-11.71	2	9	150	170	IL4_vs_V_miRNA_up_against_3utr_circ_filtered_targets.txt
IL13_down	hsa-miR-320b	ENSG00000113594|ENSG00000113594.10|LIFR	ENSG00000113594	LIFR	140	-11.47	2	9	828	849	IL13_vs_V_miRNA_down_against_3utr_circ_filtered_targets.txt
IL13_down	hsa-miR-320b	ENSG00000108821|ENSG00000108821.14|COL1A1	ENSG00000108821	COL1A1	141	-22.18	2	19	151	173	IL13_vs_V_miRNA_down_against_3utr_circ_filtered_targets.txt
IL13_down	hsa-miR-34c-3p	ENSG00000026508|ENSG00000026508.21|CD44	ENSG00000026508	CD44	152	-21.28	2	21	1068	1086	IL13_vs_V_miRNA_down_against_3utr_circ_filtered_targets.txt
IL13_down	hsa-miR-34c-3p	ENSG00000026508|ENSG00000026508.21|CD44	ENSG00000026508	CD44	147	-15.15	2	12	2049	2070	IL13_vs_V_miRNA_down_against_3utr_circ_filtered_targets.txt
IL13_down	hsa-miR-34c-3p	circKIAA1199:circ_101621:circ_0002970	circKIAA1199	circ_0002970	140	-14.63	2	9	71	92	IL13_vs_V_miRNA_down_against_3utr_circ_filtered_targets.txt
IL13_down	hsa-miR-34c-3p	circKITLG:circ_002375:circ_0002375	circKITLG	circ_0002375	147	-15.35	2	21	450	472	IL13_vs_V_miRNA_down_against_3utr_circ_filtered_targets.txt
IL13_down	hsa-miR-146a-3p	ENSG00000103888|ENSG00000103888.17|CEMIP	ENSG00000103888	CEMIP	160	-16.53	2	18	1241	1263	IL13_vs_V_miRNA_down_against_3utr_circ_filtered_targets.txt
IL13_down	hsa-miR-146a-3p	ENSG00000103888|ENSG00000103888.17|CEMIP	ENSG00000103888	CEMIP	154	-21.76	2	21	847	870	IL13_vs_V_miRNA_down_against_3utr_circ_filtered_targets.txt
IL13_down	hsa-miR-146a-3p	ENSG00000113594|ENSG00000113594.10|LIFR	ENSG00000113594	LIFR	140	-16.66	3	21	4114	4135	IL13_vs_V_miRNA_down_against_3utr_circ_filtered_targets.txt
IL13_down	hsa-miR-146a-3p	ENSG00000108821|ENSG00000108821.14|COL1A1	ENSG00000108821	COL1A1	154	-17.84	2	15	1236	1257	IL13_vs_V_miRNA_down_against_3utr_circ_filtered_targets.txt
IL13_down	hsa-miR-146a-3p	ENSG00000164692|ENSG00000164692.19|COL1A2	ENSG00000164692	COL1A2	140	-7.38	3	17	483	504	IL13_vs_V_miRNA_down_against_3utr_circ_filtered_targets.txt
IL13_down	hsa-miR-146a-3p	ENSG00000026508|ENSG00000026508.21|CD44	ENSG00000026508	CD44	149	-14.12	2	15	2911	2933	IL13_vs_V_miRNA_down_against_3utr_circ_filtered_targets.txt
IL13_down	hsa-miR-146a-3p	ENSG00000041982|ENSG00000041982.17|TNC	ENSG00000041982	TNC	140	-16.62	2	21	1505	1526	IL13_vs_V_miRNA_down_against_3utr_circ_filtered_targets.txt
IL13_down	hsa-miR-124-5p	ENSG00000026508|ENSG00000026508.21|CD44	ENSG00000026508	CD44	147	-15.91	2	16	1783	1804	IL13_vs_V_miRNA_down_against_3utr_circ_filtered_targets.txt
IL13_down	hsa-miR-124-5p	ENSG00000041982|ENSG00000041982.17|TNC	ENSG00000041982	TNC	140	-8.04	2	9	780	801	IL13_vs_V_miRNA_down_against_3utr_circ_filtered_targets.txt
IL13_down	hsa-miR-141-3p	ENSG00000113594|ENSG00000113594.10|LIFR	ENSG00000113594	LIFR	142	-15.12	3	21	4489	4509	IL13_vs_V_miRNA_down_against_3utr_circ_filtered_targets.txt
IL13_down	hsa-miR-141-3p	ENSG00000113594|ENSG00000113594.10|LIFR	ENSG00000113594	LIFR	141	-14.7	2	21	36	57	IL13_vs_V_miRNA_down_against_3utr_circ_filtered_targets.txt
IL13_down	hsa-miR-1278	ENSG00000115414|ENSG00000115414.21|FN1	ENSG00000115414	FN1	167	-15.75	2	16	439	460	IL13_vs_V_miRNA_down_against_3utr_circ_filtered_targets.txt
IL13_down	hsa-miR-135b-5p	ENSG00000026508|ENSG00000026508.21|CD44	ENSG00000026508	CD44	148	-12.58	2	19	1467	1488	IL13_vs_V_miRNA_down_against_3utr_circ_filtered_targets.txt
IL13_down	hsa-miR-135b-5p	ENSG00000041982|ENSG00000041982.17|TNC	ENSG00000041982	TNC	152	-11.55	2	22	400	423	IL13_vs_V_miRNA_down_against_3utr_circ_filtered_targets.txt
IL13_down	hsa-miR-135b-5p	circLIFR:circ_103819:circ_0072305	circLIFR	circ_0072305	143	-9.43	2	22	1178	1199	IL13_vs_V_miRNA_down_against_3utr_circ_filtered_targets.txt
IL13_down	hsa-miR-135b-5p	circCD44:circ_100796:circ_0021727	circCD44	circ_0021727	146	-14	2	21	51	72	IL13_vs_V_miRNA_down_against_3utr_circ_filtered_targets.txt
IL13_down	hsa-miR-3611	ENSG00000026508|ENSG00000026508.21|CD44	ENSG00000026508	CD44	145	-12.01	2	10	2278	2298	IL13_vs_V_miRNA_down_against_3utr_circ_filtered_targets.txt
IL13_down	hsa-miR-3611	ENSG00000041982|ENSG00000041982.17|TNC	ENSG00000041982	TNC	149	-14.95	2	18	172	192	IL13_vs_V_miRNA_down_against_3utr_circ_filtered_targets.txt
IL13_down	hsa-miR-122b-5p	ENSG00000113594|ENSG00000113594.10|LIFR	ENSG00000113594	LIFR	156	-18.45	2	21	5839	5861	IL13_vs_V_miRNA_down_against_3utr_circ_filtered_targets.txt
IL13_down	hsa-miR-122b-5p	ENSG00000113594|ENSG00000113594.10|LIFR	ENSG00000113594	LIFR	141	-11.1	2	22	641	663	IL13_vs_V_miRNA_down_against_3utr_circ_filtered_targets.txt
IL13_down	hsa-miR-122b-5p	ENSG00000026508|ENSG00000026508.21|CD44	ENSG00000026508	CD44	140	-15.83	2	22	1001	1027	IL13_vs_V_miRNA_down_against_3utr_circ_filtered_targets.txt
IL13_down	hsa-miR-122b-5p	ENSG00000041982|ENSG00000041982.17|TNC	ENSG00000041982	TNC	153	-19.45	3	18	1039	1061	IL13_vs_V_miRNA_down_against_3utr_circ_filtered_targets.txt
IL13_down	hsa-miR-122b-5p	COL3A1	COL3A1	COL3A1	154	-20.92	2	19	851	873	IL13_vs_V_miRNA_down_against_3utr_circ_filtered_targets.txt
IL13_down	hsa-miR-122b-5p	circLIFR:circ_103819:circ_0072305	circLIFR	circ_0072305	155	-15.17	2	22	381	402	IL13_vs_V_miRNA_down_against_3utr_circ_filtered_targets.txt
IL13_down	hsa-miR-122b-5p	circLIFR:circ_103820:circ_0072309	circLIFR	circ_0072309	155	-15.17	2	22	381	402	IL13_vs_V_miRNA_down_against_3utr_circ_filtered_targets.txt
IL13_down	hsa-miR-3913-5p	COL3A1	COL3A1	COL3A1	141	-9.36	2	21	223	242	IL13_vs_V_miRNA_down_against_3utr_circ_filtered_targets.txt
IL13_up	hsa-miR-548e-3p	ENSG00000113594|ENSG00000113594.10|LIFR	ENSG00000113594	LIFR	140	-8.6	2	9	2372	2393	IL13_vs_V_miRNA_up_against_3utr_circ_filtered_targets.txt
IL13_up	hsa-miR-548e-3p	ENSG00000108821|ENSG00000108821.14|COL1A1	ENSG00000108821	COL1A1	143	-11.08	2	21	1263	1285	IL13_vs_V_miRNA_up_against_3utr_circ_filtered_targets.txt
IL13_up	hsa-miR-548e-3p	COL3A1	COL3A1	COL3A1	140	-8.21	2	21	685	706	IL13_vs_V_miRNA_up_against_3utr_circ_filtered_targets.txt
IL13_up	hsa-miR-548e-3p	circLIFR:circ_103819:circ_0072305	circLIFR	circ_0072305	162	-15.85	2	21	491	511	IL13_vs_V_miRNA_up_against_3utr_circ_filtered_targets.txt
IL13_up	hsa-miR-548e-3p	circLIFR:circ_103820:circ_0072309	circLIFR	circ_0072309	162	-15.85	2	21	491	511	IL13_vs_V_miRNA_up_against_3utr_circ_filtered_targets.txt
IL13_up	hsa-miR-548j-5p	ENSG00000113594|ENSG00000113594.10|LIFR	ENSG00000113594	LIFR	156	-16.65	2	21	3260	3279	IL13_vs_V_miRNA_up_against_3utr_circ_filtered_targets.txt
IL13_up	hsa-miR-548j-5p	ENSG00000113594|ENSG00000113594.10|LIFR	ENSG00000113594	LIFR	142	-6.9	2	20	5860	5882	IL13_vs_V_miRNA_up_against_3utr_circ_filtered_targets.txt
IL13_up	hsa-miR-548j-5p	ENSG00000113594|ENSG00000113594.10|LIFR	ENSG00000113594	LIFR	140	-8.73	2	17	4155	4176	IL13_vs_V_miRNA_up_against_3utr_circ_filtered_targets.txt
IL13_up	hsa-miR-548j-5p	ENSG00000113594|ENSG00000113594.10|LIFR	ENSG00000113594	LIFR	140	-9.8	2	19	4631	4651	IL13_vs_V_miRNA_up_against_3utr_circ_filtered_targets.txt
IL13_up	hsa-miR-548j-5p	ENSG00000026508|ENSG00000026508.21|CD44	ENSG00000026508	CD44	150	-10.4	2	21	176	196	IL13_vs_V_miRNA_up_against_3utr_circ_filtered_targets.txt
IL13_up	hsa-miR-548j-5p	ENSG00000026508|ENSG00000026508.21|CD44	ENSG00000026508	CD44	146	-6.71	2	11	612	633	IL13_vs_V_miRNA_up_against_3utr_circ_filtered_targets.txt
IL13_up	hsa-miR-548j-5p	ENSG00000026508|ENSG00000026508.21|CD44	ENSG00000026508	CD44	146	-13.12	2	21	2894	2921	IL13_vs_V_miRNA_up_against_3utr_circ_filtered_targets.txt
IL13_up	hsa-miR-548j-5p	ENSG00000026508|ENSG00000026508.21|CD44	ENSG00000026508	CD44	143	-11.17	2	21	2125	2147	IL13_vs_V_miRNA_up_against_3utr_circ_filtered_targets.txt
IL13_up	hsa-miR-548j-5p	ENSG00000026508|ENSG00000026508.21|CD44	ENSG00000026508	CD44	142	-9.86	2	21	2463	2483	IL13_vs_V_miRNA_up_against_3utr_circ_filtered_targets.txt
IL13_up	hsa-miR-548j-5p	COL3A1	COL3A1	COL3A1	158	-15.69	2	21	563	583	IL13_vs_V_miRNA_up_against_3utr_circ_filtered_targets.txt
IL13_up	hsa-miR-548j-5p	circLIFR:circ_103819:circ_0072305	circLIFR	circ_0072305	144	-4.69	2	20	1227	1249	IL13_vs_V_miRNA_up_against_3utr_circ_filtered_targets.txt
IL13_up	hsa-miR-548j-5p	circKITLG:circ_002375:circ_0002375	circKITLG	circ_0002375	147	-10.45	2	16	815	836	IL13_vs_V_miRNA_up_against_3utr_circ_filtered_targets.txt
IL13_up	hsa-miR-342-5p	ENSG00000108821|ENSG00000108821.14|COL1A1	ENSG00000108821	COL1A1	145	-17.74	2	10	505	525	IL13_vs_V_miRNA_up_against_3utr_circ_filtered_targets.txt
IL13_up	hsa-miR-342-5p	ENSG00000041982|ENSG00000041982.17|TNC	ENSG00000041982	TNC	142	-18.89	2	20	1048	1069	IL13_vs_V_miRNA_up_against_3utr_circ_filtered_targets.txt
IL13_up	hsa-miR-342-5p	circLIFR:circ_103819:circ_0072305	circLIFR	circ_0072305	145	-16.97	2	18	211	231	IL13_vs_V_miRNA_up_against_3utr_circ_filtered_targets.txt
IL13_up	hsa-miR-342-5p	circLIFR:circ_103820:circ_0072309	circLIFR	circ_0072309	145	-16.97	2	18	211	231	IL13_vs_V_miRNA_up_against_3utr_circ_filtered_targets.txt
IL13_up	hsa-miR-377-3p	ENSG00000113594|ENSG00000113594.10|LIFR	ENSG00000113594	LIFR	163	-19.15	2	21	4096	4118	IL13_vs_V_miRNA_up_against_3utr_circ_filtered_targets.txt
IL13_up	hsa-miR-377-3p	ENSG00000113594|ENSG00000113594.10|LIFR	ENSG00000113594	LIFR	153	-14.08	2	20	6253	6273	IL13_vs_V_miRNA_up_against_3utr_circ_filtered_targets.txt
IL13_up	hsa-miR-377-3p	ENSG00000113594|ENSG00000113594.10|LIFR	ENSG00000113594	LIFR	140	-15.49	3	21	2335	2353	IL13_vs_V_miRNA_up_against_3utr_circ_filtered_targets.txt
IL13_up	hsa-miR-377-3p	circLIFR:circ_103819:circ_0072305	circLIFR	circ_0072305	152	-11.43	2	21	816	837	IL13_vs_V_miRNA_up_against_3utr_circ_filtered_targets.txt
IL13_up	hsa-miR-377-3p	circKITLG:circ_002375:circ_0002375	circKITLG	circ_0002375	144	-13.42	2	21	458	479	IL13_vs_V_miRNA_up_against_3utr_circ_filtered_targets.txt
IL13_up	hsa-miR-500a-3p	ENSG00000103888|ENSG00000103888.17|CEMIP	ENSG00000103888	CEMIP	146	-24.07	2	19	1598	1619	IL13_vs_V_miRNA_up_against_3utr_circ_filtered_targets.txt
IL13_up	hsa-miR-500a-3p	ENSG00000113594|ENSG00000113594.10|LIFR	ENSG00000113594	LIFR	157	-21.57	2	21	1191	1215	IL13_vs_V_miRNA_up_against_3utr_circ_filtered_targets.txt
IL13_up	hsa-miR-500a-3p	ENSG00000108821|ENSG00000108821.14|COL1A1	ENSG00000108821	COL1A1	144	-16.35	3	21	1041	1062	IL13_vs_V_miRNA_up_against_3utr_circ_filtered_targets.txt
IL13_up	hsa-miR-500a-3p	circTNC:circ_0088194	circTNC	circ_0088194	148	-30.73	2	21	586	608	IL13_vs_V_miRNA_up_against_3utr_circ_filtered_targets.txt
IL13_up	hsa-miR-4435	ENSG00000103888|ENSG00000103888.17|CEMIP	ENSG00000103888	CEMIP	155	-23.3	2	20	199	220	IL13_vs_V_miRNA_up_against_3utr_circ_filtered_targets.txt
IL13_up	hsa-miR-4435	ENSG00000113594|ENSG00000113594.10|LIFR	ENSG00000113594	LIFR	147	-19.78	2	21	5814	5836	IL13_vs_V_miRNA_up_against_3utr_circ_filtered_targets.txt
IL13_up	hsa-miR-4435	ENSG00000026508|ENSG00000026508.21|CD44	ENSG00000026508	CD44	149	-20.35	2	14	2267	2288	IL13_vs_V_miRNA_up_against_3utr_circ_filtered_targets.txt
IL13_up	hsa-miR-4435	ENSG00000026508|ENSG00000026508.21|CD44	ENSG00000026508	CD44	143	-22.2	2	21	1791	1813	IL13_vs_V_miRNA_up_against_3utr_circ_filtered_targets.txt
IL13_up	hsa-miR-4435	COL3A1	COL3A1	COL3A1	142	-16.02	2	21	622	642	IL13_vs_V_miRNA_up_against_3utr_circ_filtered_targets.txt
IL13_up	hsa-miR-548a-3p	ENSG00000113594|ENSG00000113594.10|LIFR	ENSG00000113594	LIFR	140	-7.78	2	9	2372	2393	IL13_vs_V_miRNA_up_against_3utr_circ_filtered_targets.txt
IL13_up	hsa-miR-548a-3p	ENSG00000108821|ENSG00000108821.14|COL1A1	ENSG00000108821	COL1A1	148	-8.12	2	20	1264	1285	IL13_vs_V_miRNA_up_against_3utr_circ_filtered_targets.txt
IL13_up	hsa-miR-548a-3p	circLIFR:circ_103819:circ_0072305	circLIFR	circ_0072305	149	-13.87	2	21	492	511	IL13_vs_V_miRNA_up_against_3utr_circ_filtered_targets.txt
IL13_up	hsa-miR-548a-3p	circLIFR:circ_103820:circ_0072309	circLIFR	circ_0072309	149	-13.87	2	21	492	511	IL13_vs_V_miRNA_up_against_3utr_circ_filtered_targets.txt
IL13_up	hsa-miR-548n	ENSG00000113594|ENSG00000113594.10|LIFR	ENSG00000113594	LIFR	146	-10.81	3	19	3259	3280	IL13_vs_V_miRNA_up_against_3utr_circ_filtered_targets.txt
IL13_up	hsa-miR-548n	ENSG00000113594|ENSG00000113594.10|LIFR	ENSG00000113594	LIFR	144	-8.02	2	21	138	159	IL13_vs_V_miRNA_up_against_3utr_circ_filtered_targets.txt
IL13_up	hsa-miR-548n	ENSG00000113594|ENSG00000113594.10|LIFR	ENSG00000113594	LIFR	144	-11.97	2	17	3641	3662	IL13_vs_V_miRNA_up_against_3utr_circ_filtered_targets.txt
IL13_up	hsa-miR-548n	ENSG00000113594|ENSG00000113594.10|LIFR	ENSG00000113594	LIFR	144	-9.69	2	19	5422	5442	IL13_vs_V_miRNA_up_against_3utr_circ_filtered_targets.txt
IL13_up	hsa-miR-548n	ENSG00000113594|ENSG00000113594.10|LIFR	ENSG00000113594	LIFR	141	-13.34	2	21	4633	4652	IL13_vs_V_miRNA_up_against_3utr_circ_filtered_targets.txt
IL13_up	hsa-miR-548n	ENSG00000113594|ENSG00000113594.10|LIFR	ENSG00000113594	LIFR	140	-10.69	2	9	2245	2266	IL13_vs_V_miRNA_up_against_3utr_circ_filtered_targets.txt
IL13_up	hsa-miR-548n	ENSG00000108821|ENSG00000108821.14|COL1A1	ENSG00000108821	COL1A1	140	-11	2	18	969	991	IL13_vs_V_miRNA_up_against_3utr_circ_filtered_targets.txt
IL13_up	hsa-miR-548n	ENSG00000026508|ENSG00000026508.21|CD44	ENSG00000026508	CD44	148	-5.26	2	13	2154	2175	IL13_vs_V_miRNA_up_against_3utr_circ_filtered_targets.txt
IL13_up	hsa-miR-548n	ENSG00000026508|ENSG00000026508.21|CD44	ENSG00000026508	CD44	140	-7.83	3	17	613	634	IL13_vs_V_miRNA_up_against_3utr_circ_filtered_targets.txt
IL13_up	hsa-miR-548n	ENSG00000041982|ENSG00000041982.17|TNC	ENSG00000041982	TNC	171	-19.15	2	20	601	622	IL13_vs_V_miRNA_up_against_3utr_circ_filtered_targets.txt
IL13_up	hsa-miR-548n	ENSG00000041982|ENSG00000041982.17|TNC	ENSG00000041982	TNC	140	-8.96	2	19	369	389	IL13_vs_V_miRNA_up_against_3utr_circ_filtered_targets.txt
IL13_up	hsa-miR-548n	ENSG00000115414|ENSG00000115414.21|FN1	ENSG00000115414	FN1	140	-5.21	2	21	602	623	IL13_vs_V_miRNA_up_against_3utr_circ_filtered_targets.txt
IL13_up	hsa-miR-548n	COL3A1	COL3A1	COL3A1	151	-16.83	3	20	563	584	IL13_vs_V_miRNA_up_against_3utr_circ_filtered_targets.txt
IL13_up	hsa-miR-548n	COL3A1	COL3A1	COL3A1	146	-8.98	2	20	177	201	IL13_vs_V_miRNA_up_against_3utr_circ_filtered_targets.txt
IL13_up	hsa-miR-548n	COL3A1	COL3A1	COL3A1	143	-5.91	2	21	543	566	IL13_vs_V_miRNA_up_against_3utr_circ_filtered_targets.txt
IL13_up	hsa-miR-548n	circLIFR:circ_103819:circ_0072305	circLIFR	circ_0072305	153	-11.44	2	20	1513	1541	IL13_vs_V_miRNA_up_against_3utr_circ_filtered_targets.txt
IL13_up	hsa-miR-548n	circLIFR:circ_103819:circ_0072305	circLIFR	circ_0072305	147	-9.88	3	21	1227	1250	IL13_vs_V_miRNA_up_against_3utr_circ_filtered_targets.txt
IL13_up	hsa-miR-548n	circKITLG:circ_002375:circ_0002375	circKITLG	circ_0002375	140	-10.91	3	18	814	837	IL13_vs_V_miRNA_up_against_3utr_circ_filtered_targets.txt
IL13_up	hsa-miR-33b-3p	ENSG00000103888|ENSG00000103888.17|CEMIP	ENSG00000103888	CEMIP	159	-18.52	2	16	1414	1435	IL13_vs_V_miRNA_up_against_3utr_circ_filtered_targets.txt
IL13_up	hsa-miR-33b-3p	ENSG00000113594|ENSG00000113594.10|LIFR	ENSG00000113594	LIFR	140	-14.8	3	21	3772	3793	IL13_vs_V_miRNA_up_against_3utr_circ_filtered_targets.txt
IL13_up	hsa-miR-33b-3p	ENSG00000026508|ENSG00000026508.21|CD44	ENSG00000026508	CD44	143	-20.47	3	21	623	645	IL13_vs_V_miRNA_up_against_3utr_circ_filtered_targets.txt
IL13_up	hsa-miR-33b-3p	circKIAA1199:circ_101622:circ_0003893	circKIAA1199	circ_0003893	142	-23.17	3	20	234	256	IL13_vs_V_miRNA_up_against_3utr_circ_filtered_targets.txt
IL13_up	hsa-miR-1306-5p	ENSG00000103888|ENSG00000103888.17|CEMIP	ENSG00000103888	CEMIP	149	-18.4	2	20	2065	2090	IL13_vs_V_miRNA_up_against_3utr_circ_filtered_targets.txt
IL13_up	hsa-miR-1306-5p	ENSG00000113594|ENSG00000113594.10|LIFR	ENSG00000113594	LIFR	149	-16.09	2	21	92	113	IL13_vs_V_miRNA_up_against_3utr_circ_filtered_targets.txt
IL13_up	hsa-miR-6837-3p	ENSG00000103888|ENSG00000103888.17|CEMIP	ENSG00000103888	CEMIP	147	-25.31	2	21	407	426	IL13_vs_V_miRNA_up_against_3utr_circ_filtered_targets.txt
IL13_up	hsa-miR-6837-3p	ENSG00000113594|ENSG00000113594.10|LIFR	ENSG00000113594	LIFR	141	-15.68	2	10	3472	3494	IL13_vs_V_miRNA_up_against_3utr_circ_filtered_targets.txt
IL13_up	hsa-miR-6837-3p	circTNC:circ_0088194	circTNC	circ_0088194	145	-22.23	2	18	680	702	IL13_vs_V_miRNA_up_against_3utr_circ_filtered_targets.txt
IL13_up	hsa-miR-6837-3p	circTNC:circ_0088194	circTNC	circ_0088194	140	-14.53	2	22	340	363	IL13_vs_V_miRNA_up_against_3utr_circ_filtered_targets.txt
IL13_up	hsa-miR-6837-3p	circLIFR:circ_103819:circ_0072305	circLIFR	circ_0072305	154	-16.6	2	15	1324	1346	IL13_vs_V_miRNA_up_against_3utr_circ_filtered_targets.txt
IL13_up	hsa-miR-6837-3p	circKIAA1199:circ_101622:circ_0003893	circKIAA1199	circ_0003893	147	-18.71	2	22	331	352	IL13_vs_V_miRNA_up_against_3utr_circ_filtered_targets.txt
IL13_up	hsa-let-7c-3p	ENSG00000103888|ENSG00000103888.17|CEMIP	ENSG00000103888	CEMIP	163	-17.86	2	21	2345	2367	IL13_vs_V_miRNA_up_against_3utr_circ_filtered_targets.txt
IL13_up	hsa-let-7c-3p	ENSG00000113594|ENSG00000113594.10|LIFR	ENSG00000113594	LIFR	143	-7.61	2	21	1694	1716	IL13_vs_V_miRNA_up_against_3utr_circ_filtered_targets.txt
IL13_up	hsa-let-7c-3p	ENSG00000113594|ENSG00000113594.10|LIFR	ENSG00000113594	LIFR	143	-9.81	2	20	4543	4561	IL13_vs_V_miRNA_up_against_3utr_circ_filtered_targets.txt
IL13_up	hsa-let-7c-3p	circKITLG:circ_002375:circ_0002375	circKITLG	circ_0002375	147	-16.33	2	20	192	213	IL13_vs_V_miRNA_up_against_3utr_circ_filtered_targets.txt
IL13_up	hsa-miR-1271-5p	ENSG00000115414|ENSG00000115414.21|FN1	ENSG00000115414	FN1	148	-11.48	2	15	620	640	IL13_vs_V_miRNA_up_against_3utr_circ_filtered_targets.txt
IL13_up	hsa-miR-1271-5p	COL3A1	COL3A1	COL3A1	148	-17.36	2	18	669	691	IL13_vs_V_miRNA_up_against_3utr_circ_filtered_targets.txt
IL13_up	hsa-miR-130a-5p	ENSG00000103888|ENSG00000103888.17|CEMIP	ENSG00000103888	CEMIP	140	-19.86	2	21	425	448	IL13_vs_V_miRNA_up_against_3utr_circ_filtered_targets.txt
IL13_up	hsa-miR-130a-5p	ENSG00000113594|ENSG00000113594.10|LIFR	ENSG00000113594	LIFR	140	-9.75	2	9	5629	5650	IL13_vs_V_miRNA_up_against_3utr_circ_filtered_targets.txt
IL13_up	hsa-miR-130a-5p	ENSG00000164692|ENSG00000164692.19|COL1A2	ENSG00000164692	COL1A2	150	-12.19	2	21	114	140	IL13_vs_V_miRNA_up_against_3utr_circ_filtered_targets.txt
IL13_up	hsa-miR-130a-5p	ENSG00000164692|ENSG00000164692.19|COL1A2	ENSG00000164692	COL1A2	140	-10.53	3	21	524	545	IL13_vs_V_miRNA_up_against_3utr_circ_filtered_targets.txt
IL13_up	hsa-miR-130a-5p	ENSG00000026508|ENSG00000026508.21|CD44	ENSG00000026508	CD44	155	-9.49	2	20	2569	2590	IL13_vs_V_miRNA_up_against_3utr_circ_filtered_targets.txt
IL13_up	hsa-miR-130a-5p	ENSG00000026508|ENSG00000026508.21|CD44	ENSG00000026508	CD44	141	-7.61	2	21	2105	2126	IL13_vs_V_miRNA_up_against_3utr_circ_filtered_targets.txt
IL13_up	hsa-miR-130a-5p	ENSG00000026508|ENSG00000026508.21|CD44	ENSG00000026508	CD44	140	-11.84	2	21	1663	1684	IL13_vs_V_miRNA_up_against_3utr_circ_filtered_targets.txt
IL13_up	hsa-miR-130a-5p	circLIFR:circ_103819:circ_0072305	circLIFR	circ_0072305	144	-9.61	2	21	1152	1173	IL13_vs_V_miRNA_up_against_3utr_circ_filtered_targets.txt
IL13_up	hsa-miR-130a-5p	circLIFR:circ_103819:circ_0072305	circLIFR	circ_0072305	143	-13.25	2	20	541	562	IL13_vs_V_miRNA_up_against_3utr_circ_filtered_targets.txt
IL13_up	hsa-miR-130a-5p	circLIFR:circ_103819:circ_0072305	circLIFR	circ_0072305	141	-13.61	2	21	1460	1479	IL13_vs_V_miRNA_up_against_3utr_circ_filtered_targets.txt
IL13_up	hsa-miR-130a-5p	circLIFR:circ_103820:circ_0072309	circLIFR	circ_0072309	143	-13.25	2	20	541	562	IL13_vs_V_miRNA_up_against_3utr_circ_filtered_targets.txt
IL13_up	hsa-miR-130a-5p	circCD44:circ_100796:circ_0021727	circCD44	circ_0021727	146	-16.66	2	20	187	210	IL13_vs_V_miRNA_up_against_3utr_circ_filtered_targets.txt
IL13_up	hsa-miR-130a-5p	circKITLG:circ_002375:circ_0002375	circKITLG	circ_0002375	142	-11.2	3	17	83	103	IL13_vs_V_miRNA_up_against_3utr_circ_filtered_targets.txt
IL13_up	hsa-miR-145-3p	circKITLG:circ_002375:circ_0002375	circKITLG	circ_0002375	160	-16.27	2	21	59	80	IL13_vs_V_miRNA_up_against_3utr_circ_filtered_targets.txt
IL13_up	hsa-miR-10396a-3p	ENSG00000103888|ENSG00000103888.17|CEMIP	ENSG00000103888	CEMIP	140	-27.1	2	17	189	209	IL13_vs_V_miRNA_up_against_3utr_circ_filtered_targets.txt
IL13_up	hsa-miR-10396a-3p	ENSG00000108821|ENSG00000108821.14|COL1A1	ENSG00000108821	COL1A1	142	-23.16	2	17	800	823	IL13_vs_V_miRNA_up_against_3utr_circ_filtered_targets.txt
IL13_up	hsa-miR-143-5p	ENSG00000103888|ENSG00000103888.17|CEMIP	ENSG00000103888	CEMIP	141	-16.51	2	15	1974	1997	IL13_vs_V_miRNA_up_against_3utr_circ_filtered_targets.txt
IL13_up	hsa-miR-143-5p	ENSG00000041982|ENSG00000041982.17|TNC	ENSG00000041982	TNC	151	-17.46	2	17	1044	1066	IL13_vs_V_miRNA_up_against_3utr_circ_filtered_targets.txt
IL13_up	hsa-miR-143-5p	ENSG00000115414|ENSG00000115414.21|FN1	ENSG00000115414	FN1	146	-17.38	2	21	190	210	IL13_vs_V_miRNA_up_against_3utr_circ_filtered_targets.txt
IL13_up	hsa-miR-145-5p	ENSG00000103888|ENSG00000103888.17|CEMIP	ENSG00000103888	CEMIP	140	-22.79	2	22	1250	1268	IL13_vs_V_miRNA_up_against_3utr_circ_filtered_targets.txt
IL13_up	hsa-miR-145-5p	ENSG00000026508|ENSG00000026508.21|CD44	ENSG00000026508	CD44	151	-18.86	2	17	1850	1873	IL13_vs_V_miRNA_up_against_3utr_circ_filtered_targets.txt
IL13_up	hsa-miR-145-5p	ENSG00000115414|ENSG00000115414.21|FN1	ENSG00000115414	FN1	145	-14.41	2	10	39	61	IL13_vs_V_miRNA_up_against_3utr_circ_filtered_targets.txt
IL13_up	hsa-miR-145-5p	circCD44:circ_100796:circ_0021727	circCD44	circ_0021727	152	-16.54	2	21	135	157	IL13_vs_V_miRNA_up_against_3utr_circ_filtered_targets.txt
IL13_up	hsa-miR-3940-5p	ENSG00000108821|ENSG00000108821.14|COL1A1	ENSG00000108821	COL1A1	143	-25.87	2	16	38	57	IL13_vs_V_miRNA_up_against_3utr_circ_filtered_targets.txt
IL13_up	hsa-miR-3940-5p	ENSG00000108821|ENSG00000108821.14|COL1A1	ENSG00000108821	COL1A1	142	-23.58	2	15	1081	1100	IL13_vs_V_miRNA_up_against_3utr_circ_filtered_targets.txt
IL13_up	hsa-miR-3940-5p	ENSG00000108821|ENSG00000108821.14|COL1A1	ENSG00000108821	COL1A1	140	-17.1	2	9	57	76	IL13_vs_V_miRNA_up_against_3utr_circ_filtered_targets.txt
IL13_up	hsa-miR-3940-5p	circTNC:circ_0088194	circTNC	circ_0088194	141	-25.52	2	19	336	356	IL13_vs_V_miRNA_up_against_3utr_circ_filtered_targets.txt
IL13_up	hsa-miR-1277-3p	circLIFR:circ_103819:circ_0072305	circLIFR	circ_0072305	150	-15.93	2	21	17	37	IL13_vs_V_miRNA_up_against_3utr_circ_filtered_targets.txt
IL13_up	hsa-miR-1277-3p	circLIFR:circ_103819:circ_0072305	circLIFR	circ_0072305	146	-11.13	2	15	533	554	IL13_vs_V_miRNA_up_against_3utr_circ_filtered_targets.txt
IL13_up	hsa-miR-1277-3p	circLIFR:circ_103820:circ_0072309	circLIFR	circ_0072309	150	-15.93	2	21	17	37	IL13_vs_V_miRNA_up_against_3utr_circ_filtered_targets.txt
IL13_up	hsa-miR-1277-3p	circLIFR:circ_103820:circ_0072309	circLIFR	circ_0072309	146	-11.13	2	15	533	554	IL13_vs_V_miRNA_up_against_3utr_circ_filtered_targets.txt
IL13_up	hsa-miR-6513-3p	ENSG00000026508|ENSG00000026508.21|CD44	ENSG00000026508	CD44	142	-21.47	2	20	2738	2759	IL13_vs_V_miRNA_up_against_3utr_circ_filtered_targets.txt
IL13_up	hsa-miR-6513-3p	ENSG00000026508|ENSG00000026508.21|CD44	ENSG00000026508	CD44	140	-18.59	3	20	51	71	IL13_vs_V_miRNA_up_against_3utr_circ_filtered_targets.txt
IL13_up	hsa-miR-6513-3p	ENSG00000041982|ENSG00000041982.17|TNC	ENSG00000041982	TNC	144	-10.99	2	13	786	806	IL13_vs_V_miRNA_up_against_3utr_circ_filtered_targets.txt
IL13_up	hsa-miR-6513-3p	circLIFR:circ_103819:circ_0072305	circLIFR	circ_0072305	144	-23.77	2	20	1627	1645	IL13_vs_V_miRNA_up_against_3utr_circ_filtered_targets.txt
IL13_up	hsa-miR-6513-3p	circLIFR:circ_103819:circ_0072305	circLIFR	circ_0072305	143	-15.66	2	17	786	807	IL13_vs_V_miRNA_up_against_3utr_circ_filtered_targets.txt
IL13_up	hsa-miR-6513-3p	circLIFR:circ_103819:circ_0072305	circLIFR	circ_0072305	140	-11.28	3	19	602	621	IL13_vs_V_miRNA_up_against_3utr_circ_filtered_targets.txt
IL13_up	hsa-miR-6513-3p	circKIAA1199:circ_101621:circ_0002970	circKIAA1199	circ_0002970	145	-17.26	2	17	189	207	IL13_vs_V_miRNA_up_against_3utr_circ_filtered_targets.txt
IL13_up	hsa-miR-2276-3p	circLIFR:circ_103819:circ_0072305	circLIFR	circ_0072305	145	-19.11	2	14	789	810	IL13_vs_V_miRNA_up_against_3utr_circ_filtered_targets.txt
IL13_up	hsa-miR-2276-3p	circKIAA1199:circ_101622:circ_0003893	circKIAA1199	circ_0003893	149	-25.46	2	20	312	337	IL13_vs_V_miRNA_up_against_3utr_circ_filtered_targets.txt
IL13_up	hsa-miR-6857-3p	ENSG00000103888|ENSG00000103888.17|CEMIP	ENSG00000103888	CEMIP	142	-16.66	2	15	1087	1107	IL13_vs_V_miRNA_up_against_3utr_circ_filtered_targets.txt
IL13_up	hsa-miR-6857-3p	ENSG00000113594|ENSG00000113594.10|LIFR	ENSG00000113594	LIFR	140	-14.79	3	19	3790	3809	IL13_vs_V_miRNA_up_against_3utr_circ_filtered_targets.txt
IL13_up	hsa-miR-143-3p	ENSG00000113594|ENSG00000113594.10|LIFR	ENSG00000113594	LIFR	150	-20.41	2	20	4273	4294	IL13_vs_V_miRNA_up_against_3utr_circ_filtered_targets.txt
IL13_up	hsa-miR-143-3p	ENSG00000113594|ENSG00000113594.10|LIFR	ENSG00000113594	LIFR	145	-11.95	2	18	1953	1973	IL13_vs_V_miRNA_up_against_3utr_circ_filtered_targets.txt
IL13_up	hsa-miR-143-3p	ENSG00000108821|ENSG00000108821.14|COL1A1	ENSG00000108821	COL1A1	153	-13.55	2	19	138	159	IL13_vs_V_miRNA_up_against_3utr_circ_filtered_targets.txt
IL13_up	hsa-miR-143-3p	ENSG00000026508|ENSG00000026508.21|CD44	ENSG00000026508	CD44	162	-20.77	2	19	784	802	IL13_vs_V_miRNA_up_against_3utr_circ_filtered_targets.txt
IL13_up	hsa-miR-143-3p	ENSG00000115414|ENSG00000115414.21|FN1	ENSG00000115414	FN1	154	-15.66	2	20	851	872	IL13_vs_V_miRNA_up_against_3utr_circ_filtered_targets.txt
IL13_up	hsa-miR-143-3p	circTNC:circ_0088194	circTNC	circ_0088194	155	-15.63	2	17	623	644	IL13_vs_V_miRNA_up_against_3utr_circ_filtered_targets.txt
IL13_up	hsa-miR-610	ENSG00000026508|ENSG00000026508.21|CD44	ENSG00000026508	CD44	147	-13.9	2	16	2550	2570	IL13_vs_V_miRNA_up_against_3utr_circ_filtered_targets.txt
IL13_up	hsa-miR-610	ENSG00000041982|ENSG00000041982.17|TNC	ENSG00000041982	TNC	145	-18.05	3	20	1466	1485	IL13_vs_V_miRNA_up_against_3utr_circ_filtered_targets.txt
IL13_up	hsa-miR-190a-5p	ENSG00000113594|ENSG00000113594.10|LIFR	ENSG00000113594	LIFR	150	-14.79	2	21	5443	5463	IL13_vs_V_miRNA_up_against_3utr_circ_filtered_targets.txt
IL13_up	hsa-miR-190a-5p	ENSG00000113594|ENSG00000113594.10|LIFR	ENSG00000113594	LIFR	144	-9.11	2	20	1758	1777	IL13_vs_V_miRNA_up_against_3utr_circ_filtered_targets.txt
IL13_up	hsa-miR-24-1-5p	ENSG00000103888|ENSG00000103888.17|CEMIP	ENSG00000103888	CEMIP	142	-19.67	3	20	766	788	IL13_vs_V_miRNA_up_against_3utr_circ_filtered_targets.txt
IL13_up	hsa-miR-24-1-5p	ENSG00000026508|ENSG00000026508.21|CD44	ENSG00000026508	CD44	148	-18.63	3	21	2723	2744	IL13_vs_V_miRNA_up_against_3utr_circ_filtered_targets.txt
IL13_up	hsa-miR-3657	ENSG00000026508|ENSG00000026508.21|CD44	ENSG00000026508	CD44	154	-18.57	2	20	47	68	IL13_vs_V_miRNA_up_against_3utr_circ_filtered_targets.txt
IL13_up	hsa-miR-3657	ENSG00000041982|ENSG00000041982.17|TNC	ENSG00000041982	TNC	149	-13.81	2	20	1355	1378	IL13_vs_V_miRNA_up_against_3utr_circ_filtered_targets.txt
IL13_up	hsa-miR-218-5p	ENSG00000113594|ENSG00000113594.10|LIFR	ENSG00000113594	LIFR	149	-14.68	2	14	456	476	IL13_vs_V_miRNA_up_against_3utr_circ_filtered_targets.txt
IL13_up	hsa-miR-218-5p	ENSG00000113594|ENSG00000113594.10|LIFR	ENSG00000113594	LIFR	146	-14.51	2	15	6244	6264	IL13_vs_V_miRNA_up_against_3utr_circ_filtered_targets.txt
IL13_up	hsa-miR-218-5p	ENSG00000108821|ENSG00000108821.14|COL1A1	ENSG00000108821	COL1A1	140	-10.46	2	9	1255	1275	IL13_vs_V_miRNA_up_against_3utr_circ_filtered_targets.txt
IL13_up	hsa-miR-218-5p	ENSG00000026508|ENSG00000026508.21|CD44	ENSG00000026508	CD44	140	-11.33	2	9	2361	2381	IL13_vs_V_miRNA_up_against_3utr_circ_filtered_targets.txt
IL13_up	hsa-miR-218-5p	ENSG00000041982|ENSG00000041982.17|TNC	ENSG00000041982	TNC	150	-10.05	2	16	592	613	IL13_vs_V_miRNA_up_against_3utr_circ_filtered_targets.txt
IL13_up	hsa-miR-218-5p	circCD44:circ_100796:circ_0021727	circCD44	circ_0021727	145	-13.95	2	10	211	231	IL13_vs_V_miRNA_up_against_3utr_circ_filtered_targets.txt
IL13_up	hsa-miR-218-5p	circCD44:circ_100796:circ_0021727	circCD44	circ_0021727	140	-11.71	2	9	150	170	IL13_vs_V_miRNA_up_against_3utr_circ_filtered_targets.txt
